local_authority,mnemonic,Jan-22,Feb-22,Mar-22,Apr-22,May-22,Jun-22,Jul-22,Aug-22,Sep-22,Oct-22,Nov-22,Dec-22,Jan-23,Feb-23,Mar-23,Apr-23,May-23,Jun-23,Jul-23,Aug-23,Sep-23,Oct-23,Nov-23,Dec-23,Jan-24,Feb-24,Mar-24,Apr-24,May-24,Jun-24,Jun-24,Aug-24,Sep-24,Oct-24,Nov-24,Dec-24,Jan-25,Feb-25,Mar-25,Apr-25,May-25,Jun-25,Jul-25,Aug-25,Sep-25,v46
Redcar and Cleveland,E06000003,4.9,4.9,4.7,4.3,4.2,4.2,4.1,4.1,4.1,4.1,4.1,4.2,4.2,4.3,4.4,4.4,4.0,4.0,3.9,4.0,3.8,3.9,4.0,4.0,4.1,4.2,4.2,4.1,4.0,3.9,4.1,4.2,4.2,3.9,3.9,3.9,3.9,4.0,3.9,3.8,3.6,3.6,3.6,3.6,3.6,NA
Stockton-on-Tees,E06000004,4.6,4.7,4.5,4.3,4.2,4.1,4.0,4.1,4.1,4.0,3.9,4.0,4.0,4.0,4.1,4.2,3.9,3.9,3.9,3.9,3.9,3.7,3.7,3.8,3.7,3.8,3.9,3.9,3.9,3.9,4.2,4.2,4.2,4.1,4.0,3.9,3.9,3.9,4.0,3.9,3.8,3.8,3.8,3.9,3.9,NA
Darlington,E06000005,4.8,4.7,4.5,4.2,4.1,4.0,4.1,4.1,4.2,4.1,4.2,4.2,4.1,4.2,4.2,4.3,4.1,4.1,4.2,4.3,4.2,4.1,4.1,4.1,4.1,4.2,4.2,4.1,4.0,4.0,4.4,4.4,4.2,4.0,4.0,3.8,3.9,3.9,3.9,3.8,3.8,3.7,3.7,3.7,3.7,NA
County Durham,E06000047,4.3,4.2,4.0,3.8,3.6,3.5,3.4,3.4,3.4,3.3,3.4,3.3,3.2,3.2,3.3,3.4,3.2,3.2,3.2,3.2,3.1,3.1,3.2,3.2,3.2,3.3,3.2,3.2,3.2,3.2,3.5,3.5,3.5,3.5,3.4,3.3,3.3,3.4,3.3,3.2,3.1,3.1,3.0,3.1,3.1,NA
Northumberland,E06000057,4.0,3.9,3.8,3.5,3.3,3.2,3.2,3.2,3.2,3.2,3.3,3.3,3.4,3.4,3.4,3.3,3.2,3.1,3.1,3.1,3.0,3.0,3.1,3.1,3.1,3.1,3.1,3.0,3.1,3.0,3.2,3.2,3.2,3.1,3.1,3.0,3.0,3.1,3.1,3.0,2.9,2.9,2.8,2.8,2.8,NA
Newcastle upon Tyne,E08000021,5.2,5.2,5.1,4.7,4.6,4.5,4.4,4.4,4.3,4.2,4.3,4.4,4.3,4.3,4.4,4.5,4.2,4.2,4.2,4.1,4.1,4.0,4.0,3.9,4.0,4.0,4.0,4.0,4.1,4.2,4.6,4.6,4.5,4.5,4.4,4.3,4.3,4.3,4.3,4.2,4.1,4.2,4.1,4.2,4.2,NA
North Tyneside,E08000022,4.1,4.1,4.0,3.7,3.6,3.5,3.4,3.4,3.4,3.3,3.4,3.5,3.4,3.4,3.5,3.5,3.4,3.4,3.4,3.4,3.4,3.4,3.3,3.3,3.3,3.3,3.4,3.3,3.4,3.4,3.6,3.6,3.6,3.6,3.5,3.5,3.4,3.5,3.4,3.2,3.2,3.2,3.2,3.2,3.2,NA
South Tyneside,E08000023,6.6,6.6,6.5,6.2,5.9,5.9,5.9,5.7,5.8,5.6,5.6,5.6,5.6,5.7,5.8,5.7,5.5,5.5,5.5,5.3,5.2,5.2,5.1,5.1,5.1,5.3,5.3,5.2,5.2,5.2,5.4,5.4,5.4,5.4,5.3,5.2,5.1,5.2,5.1,5.0,4.8,4.9,4.7,4.8,4.7,NA
Sunderland,E08000024,5.6,5.6,5.4,5.1,4.9,4.8,4.7,4.7,4.7,4.6,4.7,4.6,4.6,4.6,4.6,4.5,4.3,4.3,4.4,4.3,4.2,4.0,4.1,4.1,4.1,4.1,4.1,4.2,4.2,4.3,4.7,4.6,4.6,4.5,4.4,4.3,4.3,4.3,4.3,4.2,4.1,4.1,4.0,4.0,4.0,NA
Gateshead,E08000037,5.2,5.2,5.1,4.7,4.6,4.6,4.5,4.5,4.4,4.3,4.3,4.3,4.3,4.4,4.6,4.8,4.4,4.4,4.5,4.4,4.2,4.2,4.2,4.3,4.2,4.4,4.4,4.3,4.2,4.3,4.7,4.6,4.6,4.4,4.3,4.3,4.3,4.4,4.3,4.3,4.2,4.2,4.1,4.1,4.1,NA
Halton,E06000006,4.6,4.7,4.6,4.4,4.3,4.2,4.2,4.2,4.3,4.2,4.1,4.2,4.1,4.2,4.3,4.5,4.2,4.2,4.3,4.3,4.4,4.3,4.4,4.3,4.4,4.4,4.5,4.5,4.5,4.5,4.7,4.7,4.7,4.5,4.4,4.2,4.3,4.5,4.5,4.3,4.2,4.2,4.2,4.2,4.3,NA
Warrington,E06000007,3.3,3.3,3.2,3.1,2.9,2.8,2.8,2.7,2.7,2.5,2.5,2.5,2.5,2.5,2.5,2.5,2.4,2.4,2.4,2.4,2.5,2.4,2.5,2.4,2.4,2.5,2.5,2.5,2.5,2.5,2.8,2.8,2.7,2.7,2.6,2.6,2.6,2.7,2.7,2.6,2.6,2.6,2.6,2.6,2.7,NA
Blackburn with Darwen,E06000008,5.8,5.7,5.6,5.4,5.3,5.2,5.0,5.0,5.0,5.0,5.0,5.1,5.1,5.2,5.3,5.4,5.1,5.0,5.1,5.0,5.0,4.9,4.9,4.9,5.1,5.3,5.6,5.7,5.9,5.9,6.6,6.5,6.6,6.7,6.4,6.1,6.1,6.2,6.0,5.7,5.7,5.7,5.6,5.6,5.7,NA
Blackpool,E06000009,8.1,8.2,8.0,7.6,7.1,6.9,6.8,6.6,6.5,6.5,6.6,6.6,6.8,6.9,7.2,6.9,6.4,6.3,6.3,6.1,5.8,5.8,5.9,5.9,6.2,6.3,6.5,6.3,6.1,5.9,6.2,6.1,6.0,5.9,6.0,5.9,6.2,6.3,6.4,6.2,5.8,5.6,5.6,5.5,5.5,NA
Cheshire East,E06000049,2.6,2.6,2.5,2.4,2.3,2.3,2.3,2.3,2.3,2.3,2.3,2.3,2.2,2.3,2.3,2.3,2.2,2.2,2.2,2.3,2.3,2.3,2.3,2.3,2.3,2.4,2.4,2.3,2.3,2.3,2.5,2.5,2.4,2.4,2.3,2.3,2.3,2.4,2.3,2.3,2.2,2.2,2.2,2.2,2.3,NA
Cheshire West and Chester,E06000050,3.0,2.9,2.8,2.6,2.6,2.5,2.5,2.5,2.6,2.5,2.6,2.6,2.5,2.6,2.7,2.5,2.4,2.4,2.4,2.4,2.4,2.5,2.5,2.5,2.5,2.5,2.6,2.5,2.5,2.5,2.7,2.7,2.7,2.7,2.6,2.6,2.6,2.7,2.6,2.6,2.6,2.5,2.5,2.5,2.6,NA
Cumberland,E06000063,3.2,3.2,3.1,2.8,2.7,2.6,2.5,2.5,2.6,2.6,2.7,2.7,2.7,2.6,2.7,2.7,2.5,2.5,2.6,2.5,2.5,2.5,2.5,2.5,2.5,2.6,2.6,2.6,2.6,2.6,2.8,2.8,2.7,2.7,2.6,2.5,2.5,2.6,2.6,2.5,2.4,2.4,2.4,2.4,2.4,NA
Westmorland and Furness,E06000064,2.4,2.5,2.4,2.2,2.1,2.0,2.0,2.0,2.0,2.0,2.1,2.1,2.1,2.1,2.1,2.1,1.9,1.9,1.9,1.9,1.9,1.8,1.9,1.9,1.9,2.0,2.0,2.0,2.0,2.0,2.2,2.2,2.1,2.1,2.0,1.9,2.0,2.0,2.0,1.9,1.8,1.9,1.8,1.8,1.8,NA
Bolton,E08000001,5.9,6.0,5.8,5.7,5.6,5.5,5.5,5.4,5.4,5.3,5.4,5.4,5.3,5.3,5.5,5.6,5.5,5.5,5.5,5.3,5.2,5.2,5.2,5.2,5.4,5.6,5.8,5.8,5.9,5.9,6.4,6.3,6.2,6.1,6.0,5.9,5.8,5.9,5.8,5.7,5.6,5.6,5.4,5.4,5.4,NA
Bury,E08000002,4.7,4.7,4.6,4.5,4.4,4.4,4.3,4.3,4.3,4.2,4.3,4.2,4.2,4.2,4.3,4.4,4.2,4.2,4.2,4.1,4.0,4.0,4.1,4.1,4.1,4.2,4.3,4.4,4.5,4.6,4.9,4.9,4.9,4.8,4.6,4.6,4.5,4.5,4.5,4.4,4.4,4.4,4.3,4.3,4.4,NA
Manchester,E08000003,6.4,6.5,6.4,6.1,6.0,5.9,5.8,5.7,5.7,5.5,5.5,5.6,5.4,5.5,5.7,5.9,5.8,5.8,5.8,5.7,5.7,5.7,5.7,5.8,5.7,5.9,6.0,6.0,6.1,6.3,6.8,6.7,6.7,6.6,6.4,6.3,6.3,6.4,6.4,6.3,6.3,6.2,6.1,6.1,6.2,NA
Oldham,E08000004,6.9,7.1,6.9,6.7,6.6,6.4,6.3,6.3,6.3,6.2,6.2,6.2,6.1,6.2,6.5,6.7,6.3,6.3,6.3,6.4,6.3,6.3,6.2,6.2,6.2,6.4,6.8,6.9,7.0,7.0,7.7,7.7,7.7,7.6,7.3,7.3,7.1,7.3,7.2,7.0,6.8,6.8,6.7,6.6,6.8,NA
Rochdale,E08000005,6.5,6.6,6.5,6.3,6.2,6.1,6.0,5.9,5.9,5.7,5.7,5.8,5.7,5.8,6.0,6.0,5.7,5.7,5.7,5.6,5.5,5.4,5.4,5.4,5.5,5.7,6.0,6.1,6.3,6.4,6.8,6.8,6.6,6.6,6.4,6.2,6.2,6.4,6.4,6.3,6.2,6.2,6.1,6.1,6.2,NA
Salford,E08000006,5.3,5.4,5.3,5.1,5.0,4.9,4.8,4.8,4.8,4.6,4.8,4.8,4.7,4.7,4.9,5.0,4.9,4.9,4.8,4.8,4.8,4.8,4.8,4.7,4.7,4.8,4.8,4.8,4.9,4.9,5.2,5.2,5.1,5.1,5.0,4.9,4.9,5.0,5.1,5.0,5.0,5.0,4.9,5.0,5.1,NA
Stockport,E08000007,3.9,3.8,3.8,3.6,3.5,3.5,3.4,3.4,3.4,3.3,3.3,3.3,3.2,3.2,3.2,3.2,3.1,3.1,3.1,3.1,3.1,3.1,3.1,3.1,3.1,3.2,3.2,3.2,3.2,3.2,3.5,3.5,3.5,3.3,3.2,3.0,3.0,3.1,3.0,3.0,2.9,2.9,2.9,3.0,3.1,NA
Tameside,E08000008,5.1,5.1,5.0,4.8,4.7,4.7,4.6,4.6,4.6,4.5,4.5,4.5,4.5,4.5,4.7,4.7,4.5,4.6,4.6,4.6,4.5,4.5,4.5,4.6,4.6,4.7,4.8,4.8,4.7,4.9,5.2,5.2,5.2,5.2,5.1,5.1,5.0,5.2,5.1,4.9,4.8,4.8,4.7,4.8,4.8,NA
Trafford,E08000009,3.3,3.4,3.4,3.2,3.1,3.1,3.1,3.1,3.0,3.0,3.0,3.0,2.9,3.0,3.1,3.2,3.0,3.1,3.0,3.0,3.0,3.0,3.0,3.0,3.0,3.0,3.1,3.0,3.0,3.1,3.4,3.4,3.3,3.3,3.2,3.1,3.1,3.2,3.1,3.1,3.0,2.9,2.9,2.9,3.0,NA
Wigan,E08000010,4.4,4.4,4.3,4.0,3.9,3.9,3.8,3.8,3.7,3.7,3.7,3.7,3.7,3.7,3.8,3.9,3.7,3.7,3.6,3.6,3.6,3.5,3.6,3.6,3.6,3.7,3.7,3.6,3.6,3.7,3.9,3.9,3.9,3.7,3.6,3.6,3.6,3.7,3.7,3.6,3.6,3.6,3.6,3.6,3.6,NA
Knowsley,E08000011,5.4,5.4,5.3,5.0,4.9,4.8,4.7,4.7,4.7,4.6,4.7,4.7,4.6,4.7,4.8,4.8,4.5,4.5,4.6,4.5,4.5,4.5,4.5,4.4,4.3,4.4,4.4,4.4,4.5,4.6,5.0,5.0,5.0,4.9,4.8,4.6,4.6,4.8,4.7,4.6,4.5,4.5,4.4,4.3,4.5,NA
Liverpool,E08000012,6.3,6.4,6.3,6.0,5.8,5.7,5.6,5.6,5.4,5.3,5.4,5.4,5.3,5.4,5.6,5.7,5.5,5.5,5.5,5.4,5.4,5.4,5.4,5.4,5.4,5.5,5.5,5.4,5.5,5.6,6.1,6.0,6.0,5.9,5.9,5.7,5.7,5.8,5.8,5.8,5.7,5.7,5.5,5.5,5.6,NA
St. Helens,E08000013,4.5,4.5,4.4,4.2,4.0,4.0,4.1,4.1,4.2,4.0,3.9,3.9,3.8,3.9,4.0,4.0,3.9,3.8,3.9,3.9,3.8,3.8,3.9,3.9,3.8,3.9,3.9,3.9,3.8,3.9,4.2,4.2,4.2,4.1,4.0,4.0,4.0,4.1,4.0,3.8,3.9,3.8,3.8,3.8,3.9,NA
Sefton,E08000014,4.6,4.6,4.5,4.3,4.1,4.0,3.9,3.9,3.8,3.7,3.7,3.7,3.6,3.7,3.8,3.9,3.7,3.7,3.8,3.7,3.7,3.7,3.7,3.7,3.6,3.6,3.6,3.6,3.6,3.7,4.1,4.0,4.1,4.0,3.9,3.8,3.8,3.9,3.9,3.9,3.8,3.8,3.7,3.7,3.7,NA
Wirral,E08000015,4.3,4.2,4.1,4.0,3.8,3.8,3.8,3.8,3.7,3.7,3.7,3.6,3.6,3.7,3.7,3.7,3.6,3.6,3.6,3.6,3.5,3.5,3.6,3.5,3.5,3.5,3.5,3.4,3.4,3.6,3.8,3.9,3.9,3.8,3.7,3.7,3.6,3.7,3.7,3.6,3.6,3.6,3.6,3.6,3.7,NA
Lancashire,E10000017,3.9,3.9,3.7,3.6,3.5,3.4,3.4,3.4,3.4,3.4,3.4,3.5,3.4,3.5,3.6,3.6,3.5,3.5,3.5,3.4,3.4,3.4,3.4,3.5,3.6,3.7,3.8,3.8,3.8,3.8,4.1,4.1,4.1,4.0,3.9,3.9,3.8,3.9,3.8,3.7,3.7,3.7,3.6,3.6,3.7,NA
Kingston upon Hull, City of,E06000010,7.0,7.1,6.9,6.4,6.1,5.9,5.8,5.7,5.5,5.4,5.6,5.7,5.6,5.6,5.7,5.7,5.5,5.5,5.5,5.4,5.3,5.3,5.5,5.6,5.7,5.8,5.9,5.8,5.9,5.8,6.3,6.3,6.1,6.1,6.1,5.9,5.9,6.1,6.1,6.0,5.8,5.7,5.5,5.5,5.5
East Riding of Yorkshire,E06000011,2.9,2.8,2.7,2.5,2.4,2.4,2.3,2.3,2.3,2.3,2.4,2.4,2.4,2.4,2.5,2.4,2.3,2.3,2.2,2.2,2.2,2.3,2.4,2.4,2.4,2.5,2.5,2.5,2.4,2.4,2.6,2.6,2.6,2.5,2.5,2.5,2.5,2.6,2.5,2.4,2.3,2.3,2.2,2.2,2.3,NA
North East Lincolnshire,E06000012,4.9,4.9,4.7,4.4,4.3,4.3,4.2,4.2,4.1,4.0,4.2,4.2,4.2,4.4,4.5,4.6,4.4,4.4,4.4,4.3,4.3,4.4,4.4,4.4,4.5,4.6,4.6,4.5,4.4,4.6,4.9,5.0,4.9,4.6,4.3,4.2,4.2,4.3,4.3,4.1,4.1,4.1,4.1,4.1,4.1,NA
North Lincolnshire,E06000013,4.1,4.1,3.9,3.7,3.6,3.5,3.4,3.5,3.4,3.4,3.5,3.5,3.4,3.5,3.6,3.6,3.4,3.4,3.4,3.3,3.4,3.3,3.4,3.4,3.5,3.7,3.7,3.6,3.6,3.7,3.9,3.8,3.8,3.8,3.7,3.6,3.6,3.7,3.6,3.6,3.5,3.5,3.5,3.4,3.5,NA
York,E06000014,2.1,2.1,2.0,2.0,1.9,1.8,1.9,1.8,1.8,1.8,1.8,1.8,1.7,1.6,1.6,1.7,1.6,1.6,1.7,1.6,1.6,1.6,1.7,1.7,1.7,1.7,1.8,1.7,1.7,1.7,1.9,1.9,1.8,1.9,1.8,1.8,1.9,1.9,1.9,1.9,1.9,1.9,1.8,1.8,1.9,NA
North Yorkshire,E06000065,2.4,2.4,2.3,2.1,2.0,2.0,2.0,2.0,2.0,1.9,2.0,2.0,2.0,2.1,2.1,2.0,1.9,1.9,1.9,1.9,1.8,1.9,1.9,2.0,2.0,2.1,2.1,2.1,2.0,2.1,2.2,2.2,2.2,2.1,2.1,2.1,2.1,2.2,2.2,2.1,2.0,2.0,1.9,1.9,1.9,NA
Barnsley,E08000016,4.3,4.3,4.0,3.8,3.7,3.6,3.5,3.5,3.5,3.5,3.4,3.4,3.4,3.5,3.6,3.6,3.5,3.5,3.5,3.4,3.4,3.4,3.5,3.4,3.4,3.5,3.4,3.4,3.4,3.4,3.7,3.7,3.6,3.5,3.4,3.3,3.3,3.5,3.5,3.3,3.2,3.2,3.1,3.2,3.2,NA
Doncaster,E08000017,5.3,5.3,5.1,4.9,4.8,4.7,4.6,4.5,4.5,4.5,4.5,4.5,4.5,4.6,4.6,4.9,4.7,4.7,4.7,4.6,4.6,4.5,4.5,4.6,4.6,4.6,4.6,4.5,4.6,4.6,5.0,5.0,5.0,4.7,4.6,4.5,4.5,4.5,4.5,4.4,4.3,4.2,4.1,4.2,4.3,NA
Rotherham,E08000018,5.1,5.1,5.0,4.8,4.6,4.4,4.3,4.3,4.2,4.1,4.1,4.2,4.2,4.3,4.4,4.3,4.2,4.2,4.2,4.1,4.1,4.1,4.2,4.2,4.2,4.2,4.2,4.3,4.3,4.4,4.6,4.7,4.7,4.6,4.4,4.2,4.3,4.3,4.3,4.2,4.0,3.9,3.9,3.9,3.9,NA
Sheffield,E08000019,4.7,4.7,4.6,4.5,4.3,4.2,4.2,4.1,4.1,4.0,4.0,4.1,4.0,4.1,4.2,4.3,4.2,4.2,4.2,4.2,4.1,4.2,4.2,4.2,4.3,4.3,4.3,4.3,4.4,4.6,4.9,4.9,4.9,4.9,4.7,4.7,4.7,4.7,4.7,4.7,4.5,4.5,4.4,4.4,4.5,NA
Bradford,E08000032,7.1,7.1,7.0,6.9,6.8,6.7,6.5,6.4,6.4,6.3,6.3,6.4,6.2,6.2,6.4,6.5,6.3,6.3,6.3,6.3,6.2,6.3,6.3,6.5,6.5,6.7,7.0,7.3,7.4,7.5,8.2,8.2,8.2,8.2,8.0,7.8,7.6,7.7,7.6,7.4,7.3,7.3,7.2,7.1,7.2,NA
Calderdale,E08000033,4.7,4.6,4.6,4.3,4.1,4.0,4.0,4.1,3.9,3.8,3.9,4.0,4.0,4.0,4.2,4.3,4.1,4.1,4.1,4.1,4.0,4.0,4.0,4.2,4.3,4.3,4.4,4.4,4.5,4.5,4.7,4.7,4.8,4.7,4.6,4.5,4.5,4.6,4.5,4.3,4.3,4.3,4.2,4.3,4.3,NA
Kirklees,E08000034,4.7,4.7,4.6,4.5,4.4,4.3,4.3,4.3,4.2,4.1,4.1,4.2,4.1,4.2,4.3,4.4,4.2,4.2,4.3,4.2,4.1,4.1,4.1,4.3,4.3,4.4,4.7,4.7,4.8,4.9,5.4,5.4,5.4,5.3,5.2,5.0,5.0,5.1,5.0,4.8,4.8,4.8,4.7,4.7,4.8,NA
Leeds,E08000035,4.6,4.6,4.5,4.4,4.3,4.2,4.1,4.2,4.1,4.1,4.1,4.1,4.0,4.1,4.3,4.4,4.2,4.2,4.2,4.2,4.2,4.1,4.2,4.3,4.3,4.4,4.4,4.4,4.5,4.5,4.9,4.8,4.8,4.8,4.7,4.6,4.6,4.7,4.7,4.6,4.6,4.6,4.5,4.5,4.6,NA
Wakefield,E08000036,4.0,4.0,3.9,3.7,3.5,3.4,3.5,3.5,3.5,3.4,3.4,3.4,3.4,3.5,3.6,3.6,3.5,3.5,3.5,3.4,3.3,3.3,3.4,3.5,3.5,3.6,3.6,3.6,3.6,3.6,3.8,3.9,3.8,3.8,3.7,3.6,3.6,3.7,3.7,3.6,3.5,3.5,3.5,3.6,3.6,NA
Derby,E06000015,5.0,5.1,5.0,4.8,4.6,4.6,4.5,4.5,4.5,4.4,4.5,4.5,4.5,4.6,4.8,5.0,4.8,4.8,4.8,4.7,4.7,4.6,4.7,4.7,4.8,5.0,5.2,5.2,5.3,5.3,5.6,5.6,5.5,5.4,5.4,5.3,5.3,5.5,5.4,5.3,5.2,5.1,5.1,5.1,5.2,NA
Leicester,E06000016,5.2,5.2,5.1,4.9,4.9,4.7,4.6,4.5,4.5,4.4,4.4,4.6,4.5,4.6,4.8,5.0,4.9,5.0,5.0,4.9,4.9,4.9,4.8,4.7,4.7,4.9,5.0,5.2,5.4,5.7,6.3,6.2,6.2,6.3,6.1,5.8,5.8,6.1,6.1,6.0,6.0,6.0,5.8,5.7,5.8,NA
Rutland,E06000017,1.8,1.7,1.5,1.3,1.4,1.3,1.4,1.4,1.4,1.3,1.4,1.4,1.5,1.7,1.7,1.6,1.7,1.7,1.6,1.6,1.6,1.5,1.6,1.7,1.8,1.8,1.8,1.8,1.8,1.8,1.9,1.8,1.9,1.9,1.8,1.8,1.8,1.9,1.9,1.8,1.8,1.8,1.8,1.8,1.9,NA
Nottingham,E06000018,5.9,5.9,5.8,5.5,5.4,5.3,5.2,5.2,5.2,5.1,5.1,5.2,5.2,5.3,5.4,5.5,5.4,5.4,5.4,5.3,5.3,5.3,5.3,5.4,5.4,5.6,5.8,5.8,5.9,6.0,6.4,6.3,6.3,6.2,6.0,6.0,6.0,6.1,6.2,6.1,6.1,6.1,6.0,6.0,6.1,NA
North Northamptonshire,E06000061,3.4,3.4,3.3,3.2,3.1,3.1,3.0,3.0,3.0,2.9,3.0,3.0,3.0,3.2,3.3,3.4,3.3,3.3,3.3,3.3,3.2,3.3,3.2,3.2,3.3,3.4,3.4,3.4,3.4,3.4,3.6,3.5,3.5,3.3,3.2,3.2,3.2,3.4,3.4,3.4,3.4,3.4,3.3,3.3,3.4,NA
West Northamptonshire,E06000062,3.4,3.5,3.4,3.3,3.2,3.1,3.1,3.1,3.1,3.0,3.0,3.0,2.9,3.0,3.1,3.1,3.1,3.1,3.1,3.0,3.1,3.0,3.0,3.0,3.0,3.1,3.1,3.1,3.2,3.2,3.5,3.5,3.5,3.4,3.3,3.2,3.2,3.5,3.5,3.5,3.5,3.5,3.4,3.4,3.5,NA
Derbyshire,E10000007,2.8,2.8,2.8,2.6,2.6,2.6,2.5,2.6,2.5,2.5,2.5,2.6,2.6,2.6,2.7,2.7,2.6,2.6,2.7,2.6,2.6,2.7,2.7,2.7,2.8,2.9,2.9,2.8,2.8,2.8,2.9,3.0,3.0,2.9,2.9,2.8,2.8,2.9,2.9,2.8,2.7,2.7,2.7,2.7,2.7,NA
Leicestershire,E10000018,2.5,2.5,2.4,2.2,2.2,2.1,2.1,2.1,2.1,2.0,2.1,2.1,2.1,2.2,2.1,2.1,2.1,2.1,2.2,2.1,2.1,2.1,2.1,2.1,2.1,2.2,2.1,2.2,2.2,2.3,2.4,2.5,2.4,2.4,2.3,2.3,2.3,2.4,2.4,2.4,2.3,2.3,2.3,2.3,2.4,NA
Lincolnshire,E10000019,3.7,3.7,3.5,3.2,3.1,3.1,3.0,3.0,3.0,3.0,3.1,3.2,3.2,3.2,3.2,3.1,2.9,2.9,3.0,2.9,2.9,2.9,2.9,3.0,3.1,3.2,3.2,3.0,3.0,3.0,3.2,3.2,3.2,3.1,3.1,3.1,3.1,3.3,3.3,3.1,3.0,3.0,3.0,3.0,3.1,NA
Nottinghamshire,E10000024,3.3,3.4,3.3,3.1,3.0,3.0,2.9,2.9,2.9,2.8,2.9,2.9,2.8,2.9,3.0,3.0,2.9,2.9,3.0,2.9,2.9,3.0,2.9,3.0,3.0,3.1,3.1,3.1,3.1,3.1,3.3,3.3,3.3,3.2,3.1,3.1,3.1,3.2,3.2,3.1,3.1,3.1,3.1,3.1,3.2,NA
Herefordshire, County of,E06000019,2.7,2.7,2.7,2.5,2.5,2.4,2.4,2.3,2.3,2.3,2.3,2.3,2.4,2.4,2.5,2.5,2.4,2.4,2.4,2.4,2.3,2.2,2.3,2.4,2.4,2.4,2.5,2.4,2.5,2.7,2.8,2.9,2.9,2.9,2.8,2.8,2.7,2.9,2.9,2.8,2.6,2.6,2.6,2.6,2.7
Telford and Wrekin,E06000020,4.0,4.0,3.9,3.7,3.6,3.5,3.4,3.4,3.4,3.3,3.4,3.3,3.3,3.3,3.3,3.4,3.3,3.3,3.3,3.3,3.3,3.4,3.3,3.3,3.3,3.4,3.5,3.4,3.5,3.7,3.9,3.9,4.0,3.9,3.9,3.9,3.8,3.9,3.8,3.7,3.7,3.8,3.8,3.8,4.0,NA
Stoke-on-Trent,E06000021,5.9,5.8,5.8,5.6,5.4,5.3,5.2,5.2,5.1,5.1,5.2,5.2,5.1,5.2,5.4,5.5,5.3,5.3,5.4,5.3,5.2,5.2,5.3,5.3,5.4,5.7,5.9,6.0,5.8,5.9,6.2,6.1,6.2,6.2,6.0,5.9,6.0,6.2,6.1,5.9,5.9,5.9,5.8,5.8,5.8,NA
Shropshire,E06000051,2.9,2.8,2.7,2.5,2.4,2.4,2.4,2.4,2.4,2.3,2.3,2.4,2.4,2.4,2.4,2.4,2.3,2.3,2.3,2.3,2.2,2.2,2.2,2.2,2.2,2.3,2.3,2.3,2.4,2.5,2.7,2.7,2.6,2.6,2.6,2.5,2.5,2.6,2.5,2.4,2.4,2.4,2.3,2.3,2.4,NA
Birmingham,E08000025,8.8,8.9,8.8,8.6,8.4,8.3,8.2,8.2,8.1,8.0,8.1,8.1,7.9,8.0,8.2,8.4,8.3,8.2,8.3,8.3,8.3,8.3,8.3,8.4,8.4,8.6,8.7,8.7,8.9,9.5,10.3,10.4,10.5,10.5,10.5,10.4,10.3,10.5,10.6,10.5,10.4,10.4,10.2,10.2,10.4,NA
Coventry,E08000026,5.3,5.4,5.3,5.2,5.1,5.1,5.0,5.0,5.0,5.0,5.1,5.0,4.9,5.1,5.3,5.5,5.4,5.4,5.4,5.3,5.2,5.2,5.1,5.1,5.1,5.3,5.2,5.2,5.3,5.6,5.9,5.8,5.8,5.8,5.7,5.5,5.5,5.7,5.8,5.7,5.7,5.7,5.6,5.6,5.7,NA
Dudley,E08000027,5.3,5.3,5.1,5.1,4.9,4.8,4.8,4.7,4.6,4.6,4.6,4.7,4.6,4.6,4.7,4.8,4.6,4.6,4.6,4.5,4.5,4.5,4.5,4.5,4.5,4.6,4.6,4.5,4.5,4.7,5.1,5.1,5.2,5.2,5.0,4.9,5.0,5.0,5.0,4.9,4.8,4.8,4.7,4.7,4.8,NA
Sandwell,E08000028,6.7,6.7,6.6,6.4,6.2,6.2,6.1,6.1,6.0,6.0,6.1,6.2,6.0,6.0,6.2,6.3,6.1,6.1,6.1,6.0,6.0,6.1,6.1,6.0,5.9,6.0,6.1,6.0,6.1,6.5,7.2,7.3,7.3,7.3,7.1,7.0,7.0,7.2,7.2,7.1,7.1,7.0,6.8,6.8,7.0,NA
Solihull,E08000029,3.8,3.8,3.8,3.6,3.5,3.4,3.4,3.3,3.2,3.1,3.1,3.1,3.1,3.1,3.3,3.3,3.2,3.2,3.2,3.1,3.1,3.1,3.2,3.1,3.2,3.2,3.3,3.2,3.2,3.3,3.6,3.7,3.7,3.7,3.6,3.6,3.6,3.7,3.7,3.7,3.6,3.7,3.6,3.6,3.6,NA
Walsall,E08000030,6.3,6.2,6.1,5.9,5.7,5.5,5.5,5.5,5.4,5.3,5.4,5.4,5.4,5.4,5.6,5.7,5.6,5.6,5.5,5.4,5.4,5.4,5.4,5.4,5.4,5.5,5.6,5.4,5.5,5.8,6.4,6.4,6.5,6.5,6.4,6.2,6.1,6.3,6.2,6.1,6.1,6.1,6.0,6.0,6.0,NA
Wolverhampton,E08000031,7.7,7.8,7.7,7.5,7.3,7.2,7.1,7.1,7.1,7.1,7.2,7.3,7.2,7.3,7.5,7.6,7.4,7.4,7.4,7.2,7.2,7.1,7.0,6.9,6.9,7.0,7.2,7.0,7.1,7.3,7.8,7.8,7.9,7.8,7.6,7.4,7.4,7.5,7.5,7.3,7.2,7.2,7.1,7.0,7.1,NA
Staffordshire,E10000028,3.1,3.1,3.0,2.8,2.7,2.7,2.7,2.7,2.7,2.6,2.7,2.7,2.7,2.7,2.8,2.9,2.8,2.8,2.8,2.7,2.7,2.7,2.7,2.8,2.8,2.9,2.9,2.9,2.8,2.9,3.1,3.1,3.0,2.9,2.9,2.8,2.8,2.9,2.9,2.8,2.8,2.8,2.8,2.8,2.8,NA
Warwickshire,E10000031,3.0,3.0,2.9,2.8,2.7,2.6,2.6,2.6,2.6,2.6,2.6,2.6,2.5,2.5,2.6,2.7,2.6,2.6,2.6,2.5,2.5,2.5,2.5,2.4,2.4,2.5,2.5,2.5,2.5,2.6,2.8,2.9,2.9,2.8,2.8,2.7,2.8,2.8,2.8,2.8,2.8,2.8,2.8,2.8,2.9,NA
Worcestershire,E10000034,3.4,3.5,3.4,3.2,3.1,3.1,3.0,3.0,3.0,3.0,3.1,3.1,3.0,3.0,3.1,3.1,2.9,3.0,3.0,2.9,2.8,2.8,2.9,2.9,3.0,3.0,3.0,3.0,3.0,3.1,3.3,3.3,3.3,3.3,3.2,3.1,3.1,3.2,3.2,3.1,3.0,3.0,3.0,3.0,3.0,NA
Peterborough,E06000031,5.3,5.3,5.2,4.9,4.9,4.8,4.7,4.7,4.7,4.6,4.5,4.6,4.5,4.6,5.1,5.3,5.1,5.1,5.3,5.1,5.1,5.1,5.0,5.0,5.1,5.3,5.6,5.6,5.7,5.7,6.3,6.2,6.0,5.9,5.8,5.7,5.7,5.8,5.8,5.6,5.6,5.7,5.5,5.4,5.5,NA
Luton,E06000032,6.2,6.1,6.0,5.7,5.6,5.4,5.2,5.1,5.1,4.9,5.0,5.0,4.9,5.0,5.2,5.5,5.4,5.4,5.5,5.5,5.6,5.5,5.5,5.6,5.6,5.7,5.8,5.8,5.9,6.3,7.1,7.2,7.3,7.3,7.1,7.0,7.0,7.3,7.4,7.3,7.4,7.5,7.3,7.2,7.3,NA
Southend-on-Sea,E06000033,5.2,5.3,5.1,4.8,4.6,4.5,4.3,4.3,4.2,4.2,4.2,4.2,4.2,4.2,4.2,4.3,4.3,4.3,4.2,4.1,4.1,4.1,4.3,4.3,4.3,4.4,4.5,4.3,4.3,4.3,4.6,4.6,4.6,4.6,4.6,4.4,4.4,4.6,4.6,4.4,4.3,4.3,4.2,4.2,4.3,NA
Thurrock,E06000034,4.2,4.3,4.1,3.9,3.8,3.8,3.8,3.8,3.7,3.6,3.5,3.7,3.6,3.7,3.9,4.1,4.0,4.0,4.0,3.9,3.9,4.0,4.0,4.1,4.1,4.1,4.2,4.2,4.1,4.3,4.5,4.6,4.6,4.6,4.5,4.4,4.4,4.5,4.6,4.5,4.5,4.6,4.5,4.5,4.6,NA
Bedford,E06000055,4.3,4.3,4.2,4.0,3.8,3.7,3.6,3.6,3.7,3.6,3.6,3.6,3.6,3.7,3.7,3.9,3.8,3.8,4.0,3.9,3.9,4.0,3.9,4.0,4.0,4.0,4.0,4.0,4.0,4.0,4.5,4.5,4.5,4.4,4.3,4.3,4.4,4.6,4.6,4.6,4.5,4.5,4.4,4.4,4.5,NA
Central Bedfordshire,E06000056,2.5,2.5,2.4,2.3,2.2,2.2,2.1,2.1,2.1,2.1,2.1,2.0,2.1,2.1,2.1,2.2,2.1,2.1,2.1,2.1,2.1,2.1,2.1,2.2,2.2,2.2,2.2,2.2,2.2,2.3,2.5,2.5,2.6,2.6,2.5,2.5,2.6,2.6,2.6,2.6,2.6,2.6,2.6,2.6,2.7,NA
Cambridgeshire,E10000003,2.4,2.4,2.3,2.3,2.2,2.2,2.2,2.2,2.2,2.1,2.1,2.1,2.1,2.2,2.2,2.2,2.1,2.1,2.1,2.0,2.0,2.1,2.1,2.1,2.2,2.2,2.2,2.2,2.2,2.2,2.4,2.4,2.4,2.4,2.3,2.3,2.3,2.4,2.4,2.4,2.4,2.3,2.3,2.3,2.4,NA
Essex,E10000012,3.4,3.4,3.2,3.0,2.9,2.8,2.8,2.8,2.7,2.7,2.7,2.7,2.7,2.7,2.8,2.8,2.7,2.8,2.8,2.7,2.8,2.8,2.8,2.8,2.9,3.0,3.0,2.9,2.9,3.0,3.2,3.2,3.2,3.2,3.1,3.1,3.1,3.2,3.2,3.1,3.1,3.1,3.0,3.0,3.1,NA
Hertfordshire,E10000015,3.0,3.0,2.9,2.7,2.6,2.5,2.5,2.4,2.4,2.4,2.5,2.5,2.4,2.5,2.5,2.5,2.5,2.5,2.6,2.5,2.6,2.6,2.6,2.6,2.7,2.7,2.7,2.7,2.7,2.8,3.1,3.1,3.1,3.1,3.0,3.0,3.0,3.1,3.1,3.0,3.0,3.1,3.0,3.0,3.1,NA
Norfolk,E10000020,3.3,3.4,3.2,3.0,2.9,2.8,2.7,2.7,2.7,2.6,2.6,2.7,2.7,2.8,2.8,2.8,2.7,2.7,2.7,2.6,2.6,2.6,2.7,2.8,2.8,2.9,2.9,2.9,2.8,2.8,3.1,3.1,3.1,3.0,3.0,3.0,3.0,3.1,3.1,3.0,2.9,2.9,2.9,2.9,2.9,NA
Suffolk,E10000029,3.3,3.3,3.2,3.0,2.9,2.7,2.7,2.7,2.7,2.7,2.7,2.8,2.7,2.7,2.8,2.8,2.7,2.7,2.7,2.7,2.6,2.6,2.7,2.7,2.8,2.9,2.9,2.8,2.8,2.8,3.1,3.0,2.9,2.9,2.8,2.8,2.8,2.9,2.9,2.8,2.8,2.8,2.8,2.7,2.8,NA
City of London,E09000001,3.5,3.6,3.4,3.4,3.3,3.1,2.9,2.8,2.7,2.3,2.2,2.2,1.7,1.6,1.5,1.4,1.4,1.3,1.4,1.4,1.3,1.3,1.3,1.2,1.2,1.2,1.1,1.2,1.1,1.2,1.3,1.3,1.3,1.4,1.3,1.3,1.3,1.3,1.4,1.4,1.4,1.4,1.2,1.3,1.3,NA
Barking and Dagenham,E09000002,6.9,6.9,6.7,6.4,6.3,6.2,6.1,6.0,6.0,6.0,6.1,6.1,5.9,6.0,6.2,6.4,6.2,6.4,6.5,6.6,6.6,6.6,6.6,6.6,6.6,6.8,6.8,6.7,7.0,7.3,8.2,7.9,7.9,8.0,7.9,7.9,7.8,8.1,8.1,8.0,8.1,8.3,8.1,7.8,8.2,NA
Barnet,E09000003,5.0,5.0,4.8,4.6,4.5,4.5,4.3,4.3,4.4,4.3,4.4,4.4,4.2,4.2,4.3,4.3,4.2,4.2,4.3,4.3,4.3,4.2,4.3,4.3,4.3,4.5,4.4,4.4,4.5,4.6,5.3,5.2,5.2,5.3,5.2,5.1,5.1,5.3,5.3,5.3,5.3,5.4,5.3,5.3,5.4,NA
Bexley,E09000004,3.4,3.4,3.3,3.1,3.0,3.0,3.0,3.0,3.0,3.0,3.1,3.0,2.9,2.9,2.9,3.1,3.0,3.1,3.1,3.1,3.1,3.1,3.1,3.2,3.1,3.2,3.3,3.2,3.3,3.3,3.6,3.6,3.6,3.6,3.5,3.5,3.5,3.6,3.6,3.6,3.5,3.6,3.6,3.5,3.6,NA
Brent,E09000005,6.9,6.8,6.5,6.3,6.2,6.0,5.9,5.8,5.9,5.9,6.0,6.0,5.8,5.9,6.0,6.1,6.0,6.1,6.2,6.2,6.3,6.3,6.3,6.4,6.5,6.6,6.6,6.5,6.7,6.9,7.8,7.7,7.8,7.8,7.7,7.6,7.6,7.8,7.8,7.7,7.8,8.0,7.8,7.6,7.8,NA
Bromley,E09000006,3.3,3.3,3.1,3.0,2.9,2.9,2.8,2.8,2.8,2.8,2.8,2.9,2.8,2.8,2.9,2.9,2.9,2.9,2.9,3.0,3.0,3.0,3.0,3.1,3.1,3.2,3.2,3.2,3.2,3.2,3.5,3.4,3.5,3.5,3.5,3.5,3.5,3.6,3.7,3.6,3.6,3.6,3.5,3.5,3.6,NA
Camden,E09000007,5.1,5.0,4.8,4.6,4.5,4.4,4.2,4.2,4.3,4.2,4.2,4.2,4.0,4.0,4.0,4.1,4.1,4.1,4.1,4.1,4.1,4.1,4.1,4.1,4.1,4.3,4.2,4.2,4.3,4.3,4.7,4.6,4.7,4.8,4.7,4.7,4.6,4.8,4.8,4.8,4.7,4.8,4.7,4.6,4.7,NA
Croydon,E09000008,6.2,6.2,6.0,5.7,5.6,5.5,5.4,5.3,5.4,5.3,5.3,5.4,5.2,5.3,5.4,5.5,5.4,5.5,5.6,5.5,5.6,5.6,5.5,5.6,5.6,5.7,5.8,5.6,5.7,5.8,6.3,6.3,6.3,6.3,6.3,6.3,6.3,6.5,6.6,6.6,6.6,6.8,6.6,6.5,6.7,NA
Ealing,E09000009,6.0,6.1,5.8,5.6,5.5,5.4,5.2,5.2,5.2,5.1,5.1,5.2,5.1,5.1,5.2,5.3,5.2,5.2,5.3,5.3,5.3,5.4,5.5,5.5,5.5,5.7,5.7,5.6,5.7,6.0,6.9,6.8,6.7,6.8,6.7,6.7,6.7,6.9,6.9,6.8,6.9,7.0,6.8,6.7,6.9,NA
Enfield,E09000010,6.7,6.7,6.5,6.3,6.2,6.1,5.9,5.8,5.8,5.7,5.7,5.7,5.6,5.6,5.8,5.9,5.7,5.8,5.9,5.8,5.9,6.0,6.0,6.0,6.0,6.1,6.1,6.0,6.3,6.5,8.1,7.8,7.6,7.7,7.5,7.5,7.4,7.5,7.4,7.3,7.5,7.7,7.4,7.2,7.4,NA
Greenwich,E09000011,5.4,5.4,5.3,5.1,5.0,4.9,4.7,4.7,4.8,4.7,4.7,4.7,4.5,4.6,4.7,4.8,4.7,4.8,4.9,4.9,4.9,4.9,4.8,5.0,5.0,5.1,5.1,5.0,5.1,5.2,5.5,5.5,5.6,5.6,5.6,5.5,5.5,5.7,5.8,5.8,5.8,5.9,5.8,5.7,5.9,NA
Hackney,E09000012,6.6,6.6,6.5,6.2,6.1,6.0,5.9,5.7,5.7,5.7,5.7,5.8,5.6,5.7,5.8,5.9,5.8,5.9,6.1,6.0,6.1,6.1,6.2,6.1,6.1,6.3,6.3,6.2,6.4,6.5,7.2,7.1,7.2,7.3,7.3,7.2,7.1,7.3,7.2,7.1,7.3,7.3,7.1,7.0,7.3,NA
Hammersmith and Fulham,E09000013,5.3,5.3,5.1,4.8,4.7,4.6,4.5,4.4,4.4,4.3,4.4,4.4,4.3,4.3,4.4,4.4,4.3,4.4,4.5,4.4,4.4,4.3,4.3,4.4,4.4,4.5,4.5,4.4,4.4,4.5,4.9,4.9,4.8,4.9,4.8,4.8,4.8,4.9,4.9,4.8,4.9,4.9,4.8,4.8,4.9,NA
Haringey,E09000014,7.8,7.7,7.5,7.1,7.0,6.9,6.8,6.7,6.7,6.6,6.6,6.6,6.5,6.6,6.7,6.8,6.7,6.8,6.8,6.7,6.7,6.8,6.7,6.7,6.7,6.8,6.8,6.8,6.9,7.1,8.2,7.9,7.8,7.8,7.7,7.6,7.6,7.8,7.8,7.6,7.7,8.0,7.7,7.5,7.8,NA
Harrow,E09000015,4.4,4.3,4.0,3.8,3.7,3.6,3.5,3.5,3.6,3.4,3.4,3.5,3.4,3.5,3.6,3.7,3.5,3.6,3.7,3.6,3.7,3.7,3.7,3.7,3.7,3.9,3.8,3.8,3.9,4.2,4.8,4.7,4.9,4.9,4.9,4.8,4.9,5.1,5.0,5.0,5.0,5.2,5.1,5.0,5.1,NA
Havering,E09000016,4.1,4.1,3.8,3.6,3.5,3.5,3.4,3.5,3.5,3.5,3.6,3.6,3.6,3.7,3.8,3.9,3.8,3.8,3.9,3.8,3.9,3.9,3.9,3.9,3.9,4.1,4.1,4.0,4.1,4.2,4.6,4.6,4.6,4.6,4.5,4.5,4.5,4.7,4.6,4.5,4.6,4.7,4.6,4.5,4.7,NA
Hillingdon,E09000017,4.4,4.3,4.2,4.0,3.9,3.8,3.7,3.7,3.7,3.7,3.7,3.8,3.6,3.7,3.8,3.9,3.8,3.8,3.9,3.9,4.0,4.0,4.0,4.0,4.0,4.2,4.2,4.2,4.3,4.4,4.9,4.9,5.0,5.1,5.0,5.0,4.9,5.1,5.2,5.2,5.2,5.2,5.1,5.1,5.2,NA
Hounslow,E09000018,5.7,5.6,5.3,5.0,4.9,4.8,4.7,4.6,4.7,4.7,4.6,4.7,4.6,4.7,4.8,4.9,4.8,4.9,4.9,4.8,4.9,4.9,4.9,4.9,4.9,5.0,4.9,4.8,4.9,5.1,5.7,5.6,5.6,5.6,5.4,5.3,5.3,5.5,5.4,5.3,5.3,5.4,5.3,5.2,5.3,NA
Islington,E09000019,5.5,5.6,5.4,5.2,5.1,5.0,5.0,4.9,4.9,4.9,4.9,4.9,4.8,4.9,5.0,5.1,5.0,5.1,5.2,5.1,5.3,5.3,5.2,5.2,5.2,5.4,5.4,5.4,5.4,5.5,5.8,5.9,5.9,6.0,5.9,5.8,5.8,6.0,6.0,5.8,5.8,5.9,5.8,5.8,5.9,NA
Kensington and Chelsea,E09000020,4.1,4.1,3.9,3.7,3.6,3.5,3.4,3.4,3.3,3.3,3.3,3.3,3.2,3.2,3.2,3.1,3.1,3.2,3.2,3.1,3.2,3.2,3.2,3.2,3.2,3.2,3.2,3.1,3.2,3.3,3.6,3.6,3.6,3.7,3.6,3.6,3.6,3.7,3.6,3.6,3.6,3.6,3.5,3.5,3.5,NA
Kingston upon Thames,E09000021,3.2,3.2,3.0,2.7,2.7,2.6,2.6,2.5,2.5,2.5,2.5,2.5,2.5,2.5,2.6,2.7,2.6,2.7,2.7,2.7,2.8,2.8,2.7,2.8,2.8,2.8,2.9,2.8,2.8,2.9,3.2,3.2,3.2,3.3,3.3,3.3,3.2,3.3,3.3,3.2,3.3,3.4,3.3,3.3,3.4,NA
Lambeth,E09000022,6.0,6.1,5.9,5.6,5.4,5.3,5.2,5.1,5.1,5.1,5.0,5.0,4.9,5.0,5.1,5.2,5.1,5.2,5.3,5.2,5.4,5.3,5.3,5.3,5.2,5.5,5.5,5.4,5.5,5.5,5.9,5.9,6.1,6.2,6.1,6.1,6.0,6.2,6.3,6.3,6.3,6.4,6.3,6.2,6.4,NA
Lewisham,E09000023,6.5,6.6,6.3,6.1,5.9,5.8,5.7,5.6,5.7,5.7,5.6,5.7,5.6,5.6,5.7,5.8,5.7,5.8,5.9,5.9,6.0,6.0,6.0,6.1,6.1,6.3,6.4,6.3,6.3,6.5,6.9,6.9,6.9,7.0,7.0,6.9,6.9,7.0,7.1,7.0,7.0,7.1,7.0,7.0,7.2,NA
Merton,E09000024,4.3,4.3,4.2,4.0,3.9,3.8,3.7,3.7,3.8,3.8,3.8,3.8,3.7,3.8,3.9,4.0,3.9,4.0,4.0,4.0,4.1,4.1,4.1,4.2,4.1,4.2,4.2,4.2,4.3,4.4,4.7,4.7,4.9,4.8,4.8,4.7,4.7,4.9,4.8,4.7,4.8,4.9,4.8,4.7,4.9,NA
Newham,E09000025,7.4,7.3,6.9,6.4,6.3,6.2,5.9,5.9,5.9,5.9,6.0,5.9,5.7,5.8,6.0,6.2,6.1,6.2,6.3,6.3,6.4,6.4,6.4,6.4,6.4,6.7,6.6,6.7,6.9,7.1,7.8,7.7,7.9,8.1,8.1,8.0,7.9,8.2,8.2,8.1,8.2,8.3,8.1,8.0,8.3,NA
Redbridge,E09000026,5.4,5.3,4.9,4.7,4.6,4.5,4.5,4.4,4.4,4.4,4.5,4.6,4.5,4.5,4.6,4.9,4.7,4.8,4.9,4.9,4.9,4.9,4.8,4.9,4.9,5.0,5.0,5.0,5.2,5.4,6.0,5.9,6.0,6.1,6.1,6.1,6.0,6.2,6.3,6.2,6.2,6.3,6.1,6.1,6.3,NA
Richmond upon Thames,E09000027,2.8,2.8,2.7,2.5,2.4,2.4,2.4,2.4,2.3,2.3,2.4,2.4,2.3,2.4,2.4,2.5,2.4,2.4,2.4,2.3,2.3,2.3,2.3,2.3,2.3,2.4,2.4,2.3,2.3,2.3,2.6,2.6,2.6,2.7,2.6,2.5,2.5,2.6,2.7,2.6,2.6,2.6,2.6,2.6,2.6,NA
Southwark,E09000028,5.8,5.8,5.6,5.3,5.2,5.0,4.9,4.8,4.9,4.8,4.8,4.8,4.6,4.8,4.8,4.9,4.7,4.8,4.8,4.7,4.8,4.9,4.9,4.9,4.9,5.1,5.1,5.0,5.1,5.2,5.7,5.7,5.7,5.7,5.6,5.5,5.5,5.7,5.6,5.6,5.6,5.7,5.6,5.5,5.7,NA
Sutton,E09000029,3.2,3.2,3.0,2.8,2.8,2.8,2.8,2.7,2.7,2.7,2.7,2.8,2.7,2.8,2.9,3.0,2.9,2.9,2.9,2.9,2.9,2.9,2.9,2.9,2.9,3.0,3.0,3.0,3.1,3.2,3.5,3.5,3.5,3.5,3.4,3.4,3.4,3.6,3.6,3.5,3.5,3.6,3.5,3.5,3.6,NA
Tower Hamlets,E09000030,5.8,5.9,5.7,5.4,5.3,5.1,4.9,4.9,4.9,4.9,4.9,4.9,4.6,4.6,4.7,4.8,4.8,4.9,5.1,5.1,5.1,5.1,5.1,5.2,5.2,5.3,5.4,5.3,5.5,5.6,6.5,6.4,6.7,6.9,6.8,6.7,6.6,6.9,6.9,6.9,6.9,7.0,6.9,6.8,7.0,NA
Waltham Forest,E09000031,6.3,6.3,6.0,5.6,5.4,5.3,5.2,5.2,5.3,5.4,5.4,5.5,5.4,5.5,5.6,6.0,5.8,5.9,6.0,6.0,6.1,6.1,6.1,6.1,6.1,6.3,6.4,6.3,6.4,6.6,7.2,7.1,7.1,7.2,7.1,7.0,6.9,7.2,7.1,7.1,7.1,7.2,7.0,6.8,7.0,NA
Wandsworth,E09000032,3.7,3.7,3.6,3.4,3.3,3.3,3.2,3.2,3.2,3.2,3.2,3.1,3.1,3.1,3.1,3.2,3.2,3.2,3.2,3.2,3.3,3.3,3.3,3.3,3.3,3.4,3.4,3.4,3.4,3.5,3.8,3.8,3.9,4.0,4.1,4.1,4.1,4.3,4.3,4.3,4.3,4.3,4.2,4.2,4.3,NA
Westminster,E09000033,4.7,4.7,4.5,4.4,4.3,4.1,4.0,4.0,3.9,3.9,3.9,3.9,3.8,3.8,3.8,3.9,3.8,3.8,3.8,3.8,3.8,3.8,3.9,3.9,3.9,4.0,4.0,3.9,4.0,4.0,4.5,4.3,4.2,4.2,4.2,4.2,4.2,4.4,4.3,4.2,4.3,4.3,4.1,4.1,4.2,NA
Medway,E06000035,4.7,4.7,4.5,4.3,4.1,3.8,3.7,3.7,3.7,3.6,3.6,3.7,3.7,3.7,3.7,3.8,3.7,3.8,3.8,3.8,3.8,3.7,3.8,3.8,3.8,3.9,3.9,3.9,3.9,3.9,4.2,4.2,4.2,4.2,4.1,4.1,4.1,4.2,4.2,4.2,4.1,4.1,4.1,4.2,4.2,NA
Bracknell Forest,E06000036,2.4,2.4,2.2,2.1,2.0,1.9,1.9,1.9,2.0,2.0,2.0,1.9,1.9,2.0,2.0,2.0,1.9,2.0,2.0,1.9,1.9,1.9,1.9,2.0,2.0,2.1,2.2,2.2,2.3,2.3,2.5,2.5,2.5,2.5,2.5,2.4,2.5,2.6,2.6,2.6,2.6,2.7,2.7,2.6,2.7,NA
West Berkshire,E06000037,2.5,2.5,2.4,2.3,2.2,2.1,2.1,2.1,2.1,2.1,2.1,2.1,2.0,2.0,2.0,2.0,2.0,2.0,2.0,2.0,2.0,2.0,2.0,2.0,2.0,2.1,2.1,2.1,2.2,2.1,2.3,2.3,2.3,2.3,2.2,2.2,2.2,2.4,2.4,2.3,2.3,2.4,2.4,2.3,2.4,NA
Reading,E06000038,4.0,3.9,3.8,3.7,3.6,3.6,3.5,3.5,3.6,3.6,3.6,3.5,3.4,3.5,3.6,3.7,3.6,3.6,3.7,3.7,3.7,3.8,3.8,3.9,3.9,4.0,4.0,4.0,4.1,4.2,4.5,4.4,4.4,4.4,4.3,4.3,4.3,4.5,4.5,4.5,4.5,4.5,4.4,4.4,4.5,NA
Slough,E06000039,5.3,5.4,5.2,5.1,5.0,4.9,4.6,4.6,4.7,4.5,4.5,4.5,4.3,4.4,4.5,4.7,4.7,4.8,4.8,4.8,4.8,4.9,4.9,4.9,4.9,5.2,5.2,5.2,5.4,5.5,5.9,6.0,6.1,6.3,6.3,6.2,6.2,6.5,6.5,6.4,6.4,6.4,6.2,6.2,6.3,NA
Windsor and Maidenhead,E06000040,2.5,2.5,2.5,2.4,2.3,2.3,2.3,2.2,2.2,2.1,2.1,2.1,2.0,2.1,2.1,2.1,2.0,2.1,2.1,2.1,2.1,2.1,2.1,2.2,2.2,2.3,2.3,2.3,2.3,2.3,2.4,2.5,2.6,2.6,2.6,2.6,2.6,2.7,2.7,2.6,2.6,2.6,2.5,2.5,2.6,NA
Wokingham,E06000041,1.8,1.7,1.6,1.5,1.5,1.5,1.5,1.5,1.5,1.6,1.5,1.5,1.5,1.5,1.6,1.6,1.5,1.6,1.6,1.6,1.6,1.7,1.7,1.7,1.7,1.8,1.7,1.7,1.7,1.7,1.9,1.9,1.9,1.9,1.9,1.8,1.8,1.9,2.0,1.9,1.9,1.9,1.9,2.0,2.0,NA
Milton Keynes,E06000042,3.8,3.8,3.7,3.5,3.5,3.4,3.3,3.3,3.3,3.3,3.3,3.3,3.2,3.3,3.5,3.6,3.4,3.5,3.5,3.5,3.5,3.5,3.5,3.5,3.6,3.7,3.8,3.9,3.9,4.0,4.3,4.4,4.4,4.4,4.3,4.2,4.1,4.3,4.3,4.3,4.3,4.3,4.2,4.2,4.3,NA
Brighton and Hove,E06000043,4.7,4.7,4.5,4.2,4.0,4.0,3.9,3.9,3.9,3.9,3.9,4.0,3.9,3.9,3.9,3.9,3.7,3.8,3.9,3.9,3.8,3.9,3.9,3.9,4.0,4.1,4.0,3.9,3.8,3.9,4.2,4.2,4.2,4.2,4.2,4.2,4.2,4.4,4.4,4.3,4.2,4.2,4.2,4.2,4.2,NA
Portsmouth,E06000044,5.1,5.0,4.9,4.7,4.5,4.4,4.3,4.4,4.4,4.3,4.4,4.5,4.4,4.4,4.5,4.4,4.3,4.5,4.5,4.4,4.4,4.4,4.4,4.5,4.6,4.7,4.7,4.7,4.7,4.7,5.1,5.0,5.0,4.9,4.9,4.7,4.7,4.9,4.9,4.8,4.8,4.8,4.6,4.6,4.6,NA
Southampton,E06000045,4.7,4.7,4.6,4.4,4.2,4.2,4.0,4.0,3.8,3.8,3.9,3.9,3.8,3.9,3.9,3.9,3.9,3.9,3.9,3.9,3.9,3.9,3.9,3.9,4.0,4.1,4.1,4.2,4.2,4.2,4.4,4.4,4.4,4.4,4.3,4.2,4.3,4.4,4.4,4.3,4.2,4.2,4.1,4.1,4.2,NA
Isle of Wight,E06000046,4.4,4.4,4.2,4.0,3.6,3.4,3.2,3.3,3.3,3.3,3.5,3.7,3.8,3.8,3.8,3.7,3.4,3.3,3.2,3.2,3.3,3.4,3.6,3.8,4.0,4.2,4.3,4.1,3.9,3.7,4.0,4.0,4.0,3.9,4.1,4.1,4.3,4.5,4.4,4.2,4.0,3.8,3.7,3.6,3.7,NA
Buckinghamshire,E06000060,2.9,2.8,2.8,2.7,2.6,2.6,2.5,2.6,2.6,2.5,2.5,2.5,2.5,2.5,2.5,2.5,2.5,2.5,2.5,2.5,2.5,2.5,2.5,2.6,2.6,2.7,2.6,2.7,2.8,2.8,3.0,3.0,3.1,3.1,3.1,3.1,3.1,3.2,3.2,3.2,3.2,3.2,3.1,3.1,3.2,NA
East Sussex,E10000011,4.3,4.3,4.2,3.9,3.8,3.6,3.6,3.6,3.6,3.5,3.6,3.6,3.5,3.6,3.5,3.5,3.4,3.4,3.4,3.3,3.3,3.3,3.4,3.4,3.4,3.5,3.5,3.4,3.4,3.5,3.7,3.7,3.7,3.6,3.6,3.6,3.6,3.7,3.7,3.6,3.5,3.5,3.5,3.5,3.6,NA
Hampshire,E10000014,2.6,2.5,2.5,2.3,2.2,2.2,2.2,2.2,2.2,2.2,2.2,2.2,2.2,2.2,2.2,2.2,2.1,2.2,2.2,2.2,2.2,2.2,2.2,2.2,2.2,2.3,2.3,2.3,2.3,2.3,2.5,2.5,2.5,2.5,2.4,2.4,2.4,2.5,2.5,2.4,2.4,2.4,2.4,2.4,2.5,NA
Kent,E10000016,3.9,3.9,3.7,3.5,3.4,3.3,3.2,3.2,3.1,3.1,3.2,3.2,3.2,3.2,3.3,3.3,3.2,3.2,3.2,3.2,3.2,3.2,3.3,3.3,3.3,3.4,3.4,3.3,3.3,3.3,3.5,3.5,3.5,3.5,3.4,3.4,3.4,3.5,3.5,3.4,3.3,3.3,3.3,3.2,3.3,NA
Oxfordshire,E10000025,2.3,2.2,2.2,2.1,2.0,2.0,2.0,2.0,2.0,2.0,2.0,2.0,2.0,2.0,2.0,2.0,2.0,2.0,2.0,2.0,2.0,2.0,2.0,2.0,2.0,2.1,2.1,2.1,2.1,2.1,2.3,2.3,2.3,2.2,2.2,2.2,2.2,2.3,2.3,2.2,2.2,2.2,2.2,2.2,2.3,NA
Surrey,E10000030,2.3,2.3,2.2,2.1,2.0,2.0,2.0,2.0,2.0,2.0,2.0,2.0,2.0,2.0,2.0,2.0,2.0,2.0,2.0,2.0,2.0,2.1,2.0,2.1,2.1,2.1,2.1,2.1,2.1,2.1,2.3,2.3,2.3,2.3,2.3,2.3,2.3,2.3,2.3,2.3,2.3,2.3,2.3,2.3,2.3,NA
West Sussex,E10000032,3.2,3.2,3.0,2.8,2.7,2.6,2.6,2.6,2.6,2.6,2.6,2.6,2.6,2.6,2.6,2.6,2.6,2.6,2.6,2.6,2.6,2.6,2.6,2.6,2.7,2.7,2.7,2.7,2.7,2.8,3.0,3.0,3.0,3.0,2.9,2.9,2.9,3.0,3.1,3.1,3.0,3.0,3.0,3.0,3.1,NA
Bath and North East Somerset,E06000022,2.4,2.3,2.3,2.1,1.9,1.8,1.8,1.7,1.7,1.6,1.7,1.7,1.7,1.7,1.7,1.8,1.7,1.7,1.7,1.7,1.7,1.7,1.7,1.7,1.7,1.8,1.8,1.8,1.8,1.8,2.0,1.9,2.0,1.9,1.9,1.8,1.8,2.0,2.0,1.9,1.9,1.9,1.8,1.9,1.9,NA
Bristol, City of,E06000023,3.8,3.8,3.7,3.5,3.4,3.3,3.2,3.2,3.2,3.2,3.2,3.2,3.1,3.2,3.2,3.3,3.2,3.2,3.2,3.2,3.3,3.3,3.4,3.3,3.4,3.5,3.4,3.3,3.3,3.4,3.7,3.7,3.7,3.7,3.6,3.5,3.5,3.7,3.7,3.7,3.7,3.7,3.6,3.6,3.7
North Somerset,E06000024,2.8,2.8,2.7,2.5,2.4,2.3,2.3,2.3,2.3,2.2,2.3,2.3,2.2,2.3,2.4,2.4,2.2,2.3,2.3,2.2,2.3,2.3,2.4,2.4,2.5,2.5,2.6,2.5,2.5,2.5,2.7,2.7,2.7,2.6,2.5,2.5,2.5,2.6,2.5,2.5,2.5,2.5,2.4,2.5,2.5,NA
South Gloucestershire,E06000025,2.1,2.0,2.0,1.8,1.8,1.7,1.7,1.7,1.7,1.7,1.7,1.7,1.6,1.7,1.6,1.7,1.6,1.7,1.7,1.7,1.6,1.7,1.7,1.7,1.7,1.8,1.9,1.8,1.8,1.9,2.1,2.1,2.1,2.1,2.0,2.0,2.0,2.1,2.1,2.1,2.1,2.1,2.1,2.1,2.2,NA
Plymouth,E06000026,3.9,3.9,3.8,3.5,3.4,3.3,3.2,3.2,3.1,3.0,3.1,3.2,3.1,3.2,3.2,3.2,3.1,3.2,3.3,3.2,3.2,3.2,3.2,3.3,3.3,3.4,3.4,3.3,3.3,3.3,3.6,3.6,3.5,3.4,3.4,3.4,3.4,3.5,3.5,3.5,3.4,3.5,3.4,3.3,3.4,NA
Torbay,E06000027,4.0,4.0,4.0,3.6,3.4,3.2,3.2,3.1,3.1,3.0,3.1,3.1,3.2,3.2,3.3,3.3,3.0,3.1,3.1,3.1,3.2,3.1,3.2,3.2,3.2,3.5,3.4,3.3,3.2,3.2,3.4,3.4,3.4,3.1,3.2,3.2,3.4,3.5,3.6,3.4,3.4,3.3,3.2,3.3,3.3,NA
Swindon,E06000030,3.7,3.7,3.5,3.3,3.1,3.1,3.0,2.9,3.0,3.0,2.9,3.0,2.9,2.9,2.9,3.0,2.8,2.9,2.9,2.9,3.0,2.9,3.0,3.0,3.0,3.2,3.3,3.2,3.2,3.3,3.5,3.5,3.5,3.4,3.4,3.3,3.3,3.4,3.4,3.4,3.3,3.3,3.3,3.4,3.4,NA
Cornwall,E06000052,3.4,3.4,3.2,2.9,2.7,2.7,2.6,2.6,2.5,2.5,2.7,2.8,2.8,2.8,2.8,2.8,2.6,2.7,2.7,2.6,2.6,2.6,2.8,2.9,3.0,3.1,3.0,2.9,2.9,2.9,3.1,3.0,3.0,3.0,3.1,3.1,3.2,3.4,3.3,3.1,3.0,3.0,2.9,2.8,2.9,NA
Isles of Scilly,E06000053,2.4,2.2,1.9,1.4,0.9,1.0,1.1,0.7,1.0,0.9,1.0,1.3,1.7,1.7,1.5,1.8,1.5,0.8,1.2,0.8,0.9,1.0,1.2,1.6,1.6,2.2,2.1,1.2,1.4,0.8,0.8,0.8,0.8,1.0,1.0,1.4,1.3,1.8,1.7,1.8,1.5,0.7,0.8,1.0,1.2,NA
Wiltshire,E06000054,2.5,2.5,2.4,2.2,2.1,2.0,2.0,2.0,2.0,2.0,2.0,2.0,2.0,2.0,2.0,2.0,1.9,2.0,2.0,2.0,2.0,2.0,2.0,2.0,2.1,2.2,2.2,2.2,2.2,2.2,2.3,2.3,2.3,2.3,2.3,2.3,2.3,2.4,2.3,2.3,2.3,2.3,2.2,2.2,2.3,NA
Bournemouth, Christchurch and Poole,E06000058,3.8,3.8,3.7,3.6,3.4,3.4,3.2,3.2,3.2,3.1,3.2,3.3,3.3,3.3,3.3,3.4,3.3,3.2,3.2,3.1,3.0,3.1,3.1,3.3,3.4,3.5,3.5,3.5,3.5,3.5,3.7,3.7,3.6,3.5,3.4,3.4,3.5,3.6,3.6,3.6,3.5,3.5,3.4,3.3,3.4
Dorset,E06000059,2.8,2.8,2.7,2.5,2.3,2.3,2.2,2.2,2.2,2.2,2.3,2.3,2.3,2.3,2.4,2.3,2.2,2.2,2.2,2.1,2.1,2.2,2.2,2.3,2.4,2.5,2.5,2.4,2.4,2.4,2.6,2.6,2.5,2.5,2.5,2.5,2.5,2.6,2.6,2.5,2.4,2.4,2.3,2.2,2.3,NA
Somerset,E06000066,2.9,2.9,2.8,2.6,2.5,2.4,2.3,2.3,2.3,2.3,2.3,2.4,2.3,2.3,2.4,2.4,2.3,2.3,2.3,2.3,2.3,2.4,2.5,2.5,2.5,2.6,2.6,2.6,2.5,2.5,2.7,2.7,2.6,2.6,2.6,2.5,2.5,2.6,2.6,2.5,2.5,2.5,2.5,2.5,2.5,NA
Devon,E10000008,2.5,2.5,2.4,2.2,2.1,2.0,1.9,1.9,1.9,1.9,1.9,2.0,2.0,2.0,2.0,2.0,1.9,1.9,1.9,1.9,1.9,1.9,1.9,2.0,2.0,2.1,2.1,2.1,2.1,2.2,2.3,2.4,2.4,2.3,2.3,2.3,2.3,2.4,2.4,2.3,2.2,2.2,2.2,2.2,2.3,NA
Gloucestershire,E10000013,2.7,2.7,2.6,2.4,2.3,2.2,2.2,2.2,2.2,2.1,2.2,2.2,2.2,2.2,2.2,2.3,2.2,2.2,2.3,2.3,2.3,2.3,2.4,2.4,2.5,2.6,2.6,2.6,2.6,2.6,2.8,2.7,2.7,2.7,2.6,2.6,2.6,2.7,2.7,2.6,2.6,2.6,2.6,2.6,2.7,NA
Isle of Anglesey,W06000001,4.1,4.1,4.0,3.8,3.5,3.4,3.3,3.2,3.2,3.2,3.3,3.3,3.3,3.5,3.7,3.8,3.7,3.7,3.7,3.6,3.6,3.5,3.6,3.6,3.7,3.7,3.6,3.5,3.4,3.6,3.8,3.7,3.7,3.7,3.7,3.8,3.8,3.9,3.7,3.6,3.5,3.4,3.4,3.4,3.5,NA
Gwynedd,W06000002,3.6,3.6,3.4,3.0,2.8,2.7,2.7,2.7,2.6,2.6,2.8,2.9,2.9,2.9,2.9,2.9,2.7,2.7,2.6,2.6,2.5,2.5,2.6,2.7,2.8,2.8,2.8,2.6,2.6,2.7,2.9,2.9,2.8,2.8,2.8,2.8,3.0,3.2,3.1,2.9,2.7,2.6,2.6,2.7,2.7,NA
Conwy,W06000003,4.5,4.5,4.2,3.8,3.6,3.5,3.5,3.5,3.4,3.4,3.5,3.6,3.6,3.6,3.7,3.7,3.5,3.4,3.4,3.4,3.4,3.5,3.6,3.7,3.8,3.8,3.9,3.8,3.7,3.7,3.9,3.9,3.9,3.9,3.9,3.8,3.9,4.0,4.0,3.8,3.7,3.6,3.5,3.5,3.6,NA
Denbighshire,W06000004,4.4,4.3,4.0,3.7,3.5,3.5,3.5,3.6,3.6,3.5,3.6,3.7,3.6,3.6,3.7,3.7,3.5,3.5,3.5,3.4,3.4,3.4,3.5,3.5,3.6,3.6,3.6,3.5,3.5,3.6,3.9,3.8,3.7,3.7,3.8,3.7,3.8,3.9,3.9,3.8,3.6,3.5,3.5,3.5,3.5,NA
Flintshire,W06000005,3.6,3.6,3.4,3.2,3.1,2.9,2.9,2.9,2.8,2.8,2.8,2.8,2.8,2.9,3.0,3.0,2.9,2.9,2.8,2.8,2.7,2.7,2.8,2.8,2.7,2.8,2.7,2.7,2.8,2.8,2.9,2.9,2.9,2.9,2.8,2.7,2.8,2.9,2.9,2.9,2.8,2.8,2.9,2.9,3.0,NA
Wrexham,W06000006,3.9,3.8,3.6,3.3,3.2,3.1,3.0,3.1,3.0,2.8,2.9,2.9,3.0,3.0,3.1,3.1,3.0,3.0,2.9,2.9,2.9,2.8,3.0,2.9,3.1,3.1,3.0,3.0,3.0,3.1,3.4,3.4,3.4,3.3,3.2,3.0,3.1,3.1,3.0,3.0,2.9,3.0,3.0,3.0,3.1,NA
Ceredigion,W06000008,3.2,3.2,3.1,2.8,2.6,2.5,2.5,2.6,2.6,2.5,2.6,2.8,2.7,2.7,2.7,2.6,2.3,2.3,2.2,2.2,2.2,2.2,2.3,2.5,2.7,2.8,2.8,2.7,2.7,2.7,2.9,2.9,2.9,2.8,2.9,2.8,2.8,2.7,2.8,2.6,2.5,2.5,2.4,2.4,2.4,NA
Pembrokeshire,W06000009,4.1,4.1,3.9,3.4,3.2,3.1,3.0,3.0,3.0,3.1,3.2,3.3,3.3,3.4,3.4,3.3,3.1,3.0,3.0,2.9,2.8,2.9,3.1,3.2,3.2,3.3,3.3,3.3,3.2,3.3,3.4,3.5,3.5,3.3,3.4,3.4,3.5,3.5,3.4,3.3,3.2,3.3,3.2,3.2,3.2,NA
Carmarthenshire,W06000010,3.4,3.4,3.2,3.0,3.0,2.9,2.8,2.9,2.9,2.8,2.8,2.8,2.8,2.8,2.8,2.8,2.8,2.8,2.7,2.7,2.7,2.7,2.7,2.8,2.8,2.9,3.0,3.0,3.1,3.1,3.3,3.3,3.3,3.2,3.2,3.1,3.1,3.1,2.9,2.9,2.8,2.9,2.9,2.9,2.9,NA
Swansea,W06000011,4.0,4.0,3.9,3.7,3.6,3.6,3.5,3.5,3.5,3.4,3.5,3.5,3.4,3.4,3.5,3.6,3.4,3.3,3.3,3.3,3.3,3.2,3.2,3.2,3.3,3.4,3.4,3.4,3.4,3.4,3.7,3.7,3.7,3.5,3.4,3.4,3.3,3.4,3.4,3.4,3.4,3.3,3.3,3.3,3.4,NA
Neath Port Talbot,W06000012,3.7,3.7,3.6,3.4,3.3,3.2,3.1,3.1,3.2,3.0,3.1,3.1,3.0,3.0,3.2,3.3,3.1,3.1,3.0,3.0,2.9,2.9,3.0,2.9,2.9,3.0,3.0,3.0,3.0,3.1,3.2,3.3,3.2,3.2,3.3,3.3,3.3,3.4,3.3,3.2,3.2,3.2,3.2,3.1,3.1,NA
Bridgend,W06000013,3.7,3.7,3.6,3.3,3.2,3.2,3.1,3.1,3.0,2.9,2.9,2.9,2.9,3.0,3.0,3.1,2.8,2.9,2.9,2.8,2.7,2.7,2.8,2.7,2.7,2.8,2.8,2.7,2.8,2.9,3.1,3.1,3.1,3.0,2.9,2.9,2.9,3.0,3.0,2.8,2.8,2.8,2.8,2.9,2.9,NA
Vale of Glamorgan,W06000014,3.4,3.4,3.3,3.2,3.1,3.1,3.0,3.0,3.0,2.9,2.9,3.0,2.8,2.9,3.0,3.0,2.9,2.8,2.8,2.8,2.8,2.8,2.8,2.9,2.9,2.9,2.9,3.0,3.1,3.1,3.4,3.3,3.4,3.2,3.2,3.1,3.2,3.2,3.2,3.1,3.1,3.1,3.1,3.1,3.2,NA
Cardiff,W06000015,4.3,4.3,4.2,3.9,3.7,3.7,3.7,3.8,3.8,3.7,3.6,3.6,3.4,3.5,3.6,3.6,3.5,3.5,3.5,3.5,3.5,3.5,3.6,3.5,3.5,3.7,3.7,3.7,3.8,3.8,4.2,4.1,4.0,3.9,3.9,3.9,3.9,3.9,3.9,3.9,3.9,3.8,3.7,3.7,3.8,NA
Rhondda Cynon Taf,W06000016,4.0,3.9,3.8,3.6,3.5,3.4,3.3,3.2,3.2,3.1,3.1,3.2,3.1,3.1,3.2,3.3,3.1,3.1,3.0,3.0,3.0,3.1,3.2,3.2,3.0,3.1,3.1,3.1,3.1,3.0,3.3,3.3,3.3,3.2,3.2,3.1,3.1,3.2,3.2,3.1,3.1,3.1,3.1,3.1,3.2,NA
Caerphilly,W06000018,4.3,4.2,4.1,3.7,3.6,3.6,3.6,3.6,3.5,3.4,3.4,3.4,3.4,3.5,3.5,3.5,3.4,3.4,3.4,3.4,3.3,3.3,3.4,3.3,3.3,3.4,3.3,3.3,3.3,3.4,3.5,3.5,3.5,3.5,3.4,3.4,3.4,3.5,3.4,3.3,3.4,3.4,3.3,3.3,3.5,NA
Blaenau Gwent,W06000019,5.1,5.1,4.8,4.6,4.5,4.5,4.4,4.3,4.2,4.2,4.2,4.3,4.1,4.3,4.3,4.4,4.2,4.5,4.1,4.1,4.2,4.2,4.2,4.0,4.1,4.3,4.2,4.2,4.2,4.2,4.4,4.3,4.2,4.0,4.0,4.1,4.2,4.2,4.1,4.0,3.9,3.9,3.9,3.9,4.0,NA
Torfaen,W06000020,4.5,4.5,4.4,4.1,3.9,3.9,3.7,3.7,3.6,3.6,3.6,3.7,3.5,3.6,3.7,3.7,3.6,3.6,3.6,3.6,3.5,3.6,3.7,3.7,3.6,3.7,3.8,3.7,3.7,3.7,4.0,4.0,4.0,3.8,3.8,3.8,3.7,3.8,3.8,3.7,3.6,3.6,3.6,3.7,3.7,NA
Monmouthshire,W06000021,2.7,2.7,2.6,2.4,2.4,2.4,2.4,2.5,2.3,2.2,2.2,2.2,2.2,2.3,2.3,2.4,2.2,2.2,2.2,2.1,2.2,2.2,2.3,2.2,2.2,2.3,2.4,2.4,2.4,2.4,2.5,2.5,2.5,2.5,2.5,2.4,2.4,2.5,2.5,2.4,2.4,2.3,2.3,2.3,2.4,NA
Newport,W06000022,5.3,5.3,5.2,4.9,4.8,4.6,4.5,4.5,4.3,4.1,4.2,4.2,4.2,4.3,4.4,4.5,4.4,4.4,4.5,4.5,4.4,4.5,4.6,4.5,4.5,4.7,4.7,4.7,4.7,4.8,5.1,5.0,4.9,4.8,4.7,4.5,4.6,4.7,4.7,4.6,4.5,4.5,4.4,4.3,4.5,NA
Powys,W06000023,2.8,2.8,2.7,2.5,2.4,2.3,2.2,2.2,2.2,2.2,2.3,2.3,2.3,2.3,2.3,2.4,2.3,2.3,2.2,2.2,2.2,2.2,2.2,2.2,2.2,2.3,2.3,2.3,2.4,2.6,2.8,2.8,2.8,2.7,2.7,2.7,2.7,2.8,2.8,2.7,2.6,2.5,2.5,2.5,2.6,NA
Merthyr Tydfil,W06000024,4.4,4.5,4.5,4.1,4.0,3.9,3.9,3.8,3.9,3.7,3.8,3.7,3.6,3.7,3.7,3.7,3.4,3.4,3.4,3.4,3.4,3.4,3.4,3.4,3.3,3.4,3.3,3.2,3.3,3.3,3.5,3.4,3.4,3.3,3.4,3.2,3.3,3.3,3.3,3.2,3.2,3.3,3.2,3.2,3.4,NA
Clackmannanshire,S12000005,4.3,4.2,3.9,3.8,3.7,3.6,3.6,3.8,3.5,3.5,3.6,3.6,3.6,3.6,3.8,3.9,3.6,3.6,3.7,3.6,3.4,3.3,3.4,3.5,3.3,3.4,3.3,3.2,3.2,3.3,3.4,3.4,3.4,3.1,3.1,3.0,3.1,3.1,3.1,3.1,3.1,3.1,3.0,2.9,2.8,NA
Dumfries and Galloway,S12000006,3.8,3.7,3.5,3.4,3.2,3.0,3.0,3.0,2.9,2.9,2.9,3.0,3.0,3.1,3.1,3.2,3.0,3.0,3.0,2.9,2.8,2.8,2.8,2.9,2.8,2.8,3.0,2.9,2.9,3.1,3.2,3.1,3.0,3.0,2.9,2.8,2.9,2.8,2.7,2.7,2.6,2.7,2.7,2.7,2.7,NA
East Ayrshire,S12000008,5.4,5.3,5.1,4.8,4.6,4.5,4.5,4.4,4.1,4.0,4.1,4.2,4.3,4.3,4.5,4.6,4.2,4.2,4.3,4.1,4.0,4.0,4.0,4.0,3.9,3.8,3.9,3.9,3.9,3.9,4.0,4.0,3.9,3.7,3.7,3.7,3.7,3.8,3.7,3.6,3.6,3.7,3.6,3.6,3.6,NA
East Lothian,S12000010,3.1,3.0,2.7,2.5,2.4,2.3,2.1,2.2,2.1,2.1,2.1,2.2,2.1,2.2,2.3,2.4,2.3,2.2,2.3,2.2,2.2,2.2,2.3,2.2,2.2,2.3,2.3,2.3,2.3,2.3,2.4,2.5,2.3,2.3,2.3,2.3,2.4,2.5,2.3,2.2,2.2,2.2,2.1,2.1,2.1,NA
East Renfrewshire,S12000011,2.2,2.1,2.0,1.9,1.8,1.8,1.7,1.7,1.7,1.6,1.7,1.7,1.7,1.7,1.8,1.9,1.8,1.8,1.8,1.8,1.8,1.7,1.7,1.7,1.7,1.7,1.8,1.7,1.7,1.8,2.0,2.0,1.9,1.8,1.7,1.7,1.6,1.7,1.7,1.6,1.6,1.7,1.6,1.7,1.7,NA
Na h-Eileanan Siar,S12000013,3.1,2.9,3.0,2.7,2.4,2.2,2.3,2.2,2.1,1.9,2.0,1.9,2.0,2.1,2.1,2.0,1.9,2.0,1.9,1.8,1.8,1.8,1.7,1.9,1.9,2.0,2.1,1.9,1.7,1.8,1.9,1.9,1.7,1.8,2.0,2.0,2.2,2.3,2.2,2.1,2.0,1.8,1.8,1.9,1.9,NA
Falkirk,S12000014,3.7,3.7,3.5,3.4,3.2,3.2,3.2,3.1,3.0,2.9,2.9,3.1,3.1,3.1,3.2,3.1,3.0,2.9,3.0,3.0,2.8,2.8,2.8,2.8,2.8,2.9,3.0,2.9,2.8,2.9,3.1,3.0,3.0,2.8,2.8,2.7,2.8,2.8,2.9,2.8,2.8,2.9,2.9,2.9,2.9,NA
Highland,S12000017,3.0,3.0,2.9,2.6,2.5,2.4,2.3,2.3,2.3,2.2,2.3,2.3,2.5,2.6,2.6,2.6,2.4,2.2,2.3,2.2,2.1,2.1,2.2,2.2,2.3,2.3,2.3,2.2,2.2,2.2,2.4,2.3,2.3,2.3,2.3,2.3,2.3,2.5,2.4,2.3,2.2,2.1,2.1,2.1,2.1,NA
Inverclyde,S12000018,4.6,4.6,4.3,4.1,3.9,3.8,3.8,3.9,3.7,3.6,3.7,3.7,3.7,3.6,3.7,3.9,3.8,3.8,3.9,3.8,3.5,3.4,3.6,3.6,3.5,3.5,3.4,3.3,3.3,3.4,3.7,3.7,3.5,3.5,3.5,3.3,3.2,3.3,3.4,3.3,3.2,3.2,3.2,3.2,3.3,NA
Midlothian,S12000019,2.8,2.8,2.5,2.5,2.3,2.2,2.2,2.3,2.2,2.1,2.1,2.2,2.2,2.2,2.3,2.2,2.2,2.2,2.3,2.2,2.2,2.1,2.2,2.2,2.1,2.2,2.2,2.1,2.1,2.3,2.3,2.3,2.3,2.2,2.1,2.1,2.2,2.3,2.3,2.2,2.2,2.3,2.3,2.4,2.3,NA
Moray,S12000020,3.2,3.1,3.0,2.9,2.7,2.6,2.5,2.4,2.4,2.3,2.3,2.4,2.5,2.4,2.4,2.5,2.3,2.3,2.4,2.3,2.1,2.1,2.2,2.1,2.2,2.2,2.3,2.1,2.1,2.2,2.3,2.4,2.3,2.2,2.3,2.3,2.4,2.5,2.4,2.4,2.4,2.3,2.3,2.3,2.3,NA
North Ayrshire,S12000021,5.6,5.5,5.3,5.0,4.8,4.7,4.7,4.7,4.5,4.4,4.5,4.6,4.5,4.6,4.6,4.7,4.5,4.5,4.6,4.6,4.3,4.3,4.4,4.4,4.3,4.4,4.4,4.4,4.3,4.3,4.7,4.7,4.6,4.4,4.2,4.2,4.3,4.3,4.2,4.0,3.9,3.9,3.9,4.0,4.0,NA
Orkney Islands,S12000023,1.9,2.0,1.9,1.7,1.6,1.5,1.5,1.5,1.4,1.6,1.6,1.6,1.6,1.9,1.9,1.8,1.7,1.7,1.5,1.6,1.6,1.5,1.5,1.7,1.5,1.5,1.7,1.5,1.7,1.9,1.8,1.8,2.0,1.6,1.6,1.6,1.7,1.8,1.8,1.7,1.7,1.5,1.5,1.5,1.5,NA
Scottish Borders,S12000026,3.5,3.4,3.3,3.1,3.0,2.9,2.9,2.9,2.9,2.8,3.0,3.0,3.0,3.0,3.0,3.1,3.0,3.0,3.0,3.0,2.8,2.9,2.9,2.9,2.9,3.1,3.1,3.0,3.1,3.1,3.3,3.3,3.1,3.1,3.0,2.9,3.0,3.1,3.0,3.0,2.8,2.8,2.8,2.8,2.8,NA
Shetland Islands,S12000027,2.0,2.3,2.2,2.0,2.1,1.9,1.7,1.7,1.7,1.8,1.7,1.8,1.8,1.8,1.8,1.8,1.7,1.7,1.7,1.5,1.5,1.5,1.5,1.5,1.5,1.5,1.6,1.6,1.6,1.6,1.7,1.7,1.6,1.4,1.4,1.4,1.4,1.5,1.3,1.2,1.2,1.1,1.1,1.1,1.2,NA
South Ayrshire,S12000028,4.8,4.7,4.5,4.1,3.8,3.8,3.7,3.8,3.7,3.6,3.6,3.7,3.8,3.8,3.8,3.8,3.5,3.5,3.6,3.5,3.4,3.4,3.5,3.6,3.5,3.6,3.6,3.5,3.4,3.6,3.7,3.7,3.6,3.4,3.4,3.4,3.5,3.6,3.4,3.3,3.2,3.2,3.2,3.2,3.2,NA
South Lanarkshire,S12000029,3.9,3.9,3.7,3.5,3.3,3.2,3.2,3.2,3.1,3.0,3.0,3.0,2.9,3.0,3.1,3.2,3.1,3.0,3.1,3.0,2.9,2.9,2.9,2.8,2.8,2.8,2.9,2.9,2.9,2.9,3.1,3.1,3.0,2.8,2.8,2.7,2.7,2.8,2.7,2.6,2.6,2.6,2.6,2.7,2.6,NA
Stirling,S12000030,2.8,2.8,2.6,2.3,2.3,2.2,2.4,2.4,2.3,2.3,2.4,2.4,2.4,2.5,2.5,2.5,2.4,2.4,2.4,2.4,2.3,2.3,2.3,2.3,2.3,2.5,2.5,2.4,2.3,2.4,2.5,2.5,2.4,2.3,2.3,2.3,2.3,2.3,2.3,2.3,2.3,2.2,2.1,2.2,2.2,NA
Aberdeen City,S12000033,4.2,4.1,4.0,3.7,3.6,3.5,3.5,3.5,3.4,3.4,3.4,3.3,3.2,3.3,3.3,3.3,3.2,3.2,3.2,3.2,3.0,3.0,3.1,3.0,3.1,3.2,3.2,3.2,3.2,3.2,3.3,3.4,3.2,3.2,3.2,3.2,3.2,3.4,3.4,3.4,3.4,3.4,3.4,3.4,3.4,NA
Aberdeenshire,S12000034,2.6,2.5,2.4,2.2,2.1,2.0,1.9,1.9,1.8,1.8,1.9,1.9,1.9,2.0,2.0,2.0,1.9,1.9,1.9,1.8,1.8,1.8,1.8,1.8,1.8,1.8,1.8,1.8,1.8,1.8,1.9,1.9,1.8,1.8,1.8,1.7,1.8,1.9,1.9,1.9,1.9,1.9,1.9,1.9,1.9,NA
Argyll and Bute,S12000035,3.5,3.5,3.4,3.1,2.9,2.7,2.6,2.7,2.5,2.5,2.6,2.7,2.8,2.9,2.9,2.9,2.6,2.6,2.6,2.6,2.5,2.5,2.6,2.7,2.8,2.9,3.0,2.8,2.6,2.5,2.6,2.7,2.7,2.6,2.6,2.6,2.7,2.8,2.8,2.6,2.5,2.4,2.3,2.3,2.3,NA
City of Edinburgh,S12000036,2.9,2.9,2.8,2.6,2.5,2.5,2.5,2.4,2.4,2.4,2.4,2.4,2.3,2.3,2.4,2.5,2.4,2.4,2.4,2.3,2.3,2.3,2.3,2.3,2.3,2.4,2.5,2.4,2.4,2.4,2.6,2.6,2.5,2.5,2.6,2.5,2.5,2.6,2.6,2.5,2.5,2.5,2.5,2.5,2.5,NA
Renfrewshire,S12000038,3.7,3.7,3.5,3.2,3.0,3.0,3.1,3.1,3.0,2.9,2.9,2.9,2.9,3.1,3.2,3.3,3.2,3.1,3.2,3.1,3.0,2.9,3.0,3.1,3.0,3.0,3.1,3.1,3.0,3.1,3.3,3.2,3.1,2.9,2.9,2.8,2.8,2.9,2.8,2.7,2.6,2.7,2.7,2.7,2.7,NA
West Dunbartonshire,S12000039,5.6,5.6,5.4,5.0,4.8,4.6,4.5,4.5,4.4,4.2,4.3,4.6,4.4,4.6,4.7,4.7,4.4,4.4,4.6,4.4,4.3,4.2,4.2,4.3,4.3,4.3,4.2,4.1,4.0,4.0,4.3,4.3,4.2,4.0,3.9,3.8,3.9,4.0,3.9,3.8,3.7,3.8,3.7,3.7,3.7,NA
West Lothian,S12000040,3.2,3.2,2.9,2.9,2.7,2.7,2.7,2.8,2.8,2.6,2.6,2.6,2.6,2.6,2.8,2.9,2.7,2.7,2.8,2.7,2.6,2.5,2.6,2.6,2.6,2.7,2.8,2.7,2.7,2.7,2.8,2.8,2.7,2.6,2.6,2.5,2.6,2.7,2.7,2.6,2.5,2.5,2.5,2.6,2.5,NA
Angus,S12000041,3.5,3.4,3.2,3.0,2.9,2.9,2.9,2.9,2.8,2.8,2.9,3.0,2.9,3.0,3.1,3.1,3.0,3.1,3.2,3.0,2.7,2.7,2.8,2.8,2.8,2.8,2.8,2.8,2.8,2.8,3.1,3.1,2.9,2.8,2.9,2.9,3.0,3.1,3.1,3.0,3.0,3.1,3.1,3.1,3.0,NA
Dundee City,S12000042,4.9,4.9,4.7,4.5,4.3,4.2,4.3,4.3,4.2,4.1,4.1,4.1,4.1,4.2,4.4,4.5,4.3,4.3,4.5,4.3,4.1,4.0,4.0,4.0,4.0,4.0,4.1,3.9,3.9,4.1,4.4,4.5,4.2,4.1,4.0,3.8,3.8,3.8,3.9,3.8,3.8,3.9,3.9,4.0,3.8,NA
East Dunbartonshire,S12000045,2.5,2.5,2.3,2.2,2.1,2.0,2.1,2.0,2.0,2.0,1.9,2.0,1.9,2.0,2.0,2.0,2.0,2.0,2.0,2.0,1.9,1.9,1.9,1.9,1.9,1.9,1.9,2.0,1.9,2.0,2.1,2.1,2.1,2.0,1.9,1.9,1.9,2.0,1.9,1.8,1.8,1.8,1.8,1.8,1.9,NA
Fife,S12000047,4.2,4.3,4.1,3.9,3.7,3.6,3.6,3.5,3.4,3.4,3.4,3.5,3.4,3.5,3.6,3.7,3.5,3.5,3.5,3.4,3.2,3.2,3.2,3.2,3.2,3.2,3.3,3.2,3.2,3.3,3.5,3.5,3.4,3.3,3.3,3.2,3.3,3.4,3.4,3.2,3.1,3.2,3.1,3.1,3.1,NA
Perth and Kinross,S12000048,2.8,2.9,2.8,2.6,2.5,2.5,2.4,2.5,2.3,2.2,2.2,2.3,2.3,2.4,2.4,2.5,2.5,2.5,2.5,2.5,2.3,2.3,2.3,2.2,2.2,2.3,2.3,2.3,2.3,2.3,2.5,2.5,2.4,2.4,2.3,2.3,2.3,2.4,2.4,2.2,2.2,2.2,2.2,2.3,2.3,NA
Glasgow City,S12000049,5.8,5.8,5.5,5.3,5.1,5.0,5.0,5.0,4.8,4.7,4.9,4.9,4.7,4.8,4.9,5.0,4.8,4.8,4.9,4.8,4.6,4.5,4.6,4.6,4.6,4.7,4.8,4.8,4.8,4.9,5.3,5.3,5.2,5.1,5.0,4.9,4.9,5.0,4.9,4.8,4.8,4.8,4.8,4.8,4.8,NA
North Lanarkshire,S12000050,4.3,4.2,4.1,3.8,3.6,3.5,3.6,3.6,3.4,3.3,3.3,3.3,3.3,3.4,3.5,3.6,3.4,3.5,3.5,3.4,3.3,3.2,3.3,3.3,3.3,3.4,3.4,3.4,3.3,3.3,3.5,3.6,3.4,3.3,3.3,3.2,3.2,3.3,3.2,3.1,3.1,3.0,3.0,3.0,3.0,NA
Antrim and Newtownabbey,N09000001,2.6,2.6,2.5,2.4,2.4,2.4,2.4,2.4,2.3,2.3,2.3,2.4,2.3,2.4,2.4,2.6,2.4,2.4,2.4,2.4,2.5,2.5,2.3,2.3,2.3,2.4,2.4,2.4,2.4,2.5,2.7,2.8,2.8,2.8,2.6,2.5,2.4,2.5,2.4,2.4,2.3,2.3,2.3,2.3,2.5,NA
Armagh City, Banbridge and Craigavon,N09000002,2.7,2.7,2.6,2.6,2.4,2.4,2.5,2.5,2.5,2.5,2.5,2.6,2.5,2.6,2.7,2.8,2.7,2.7,2.8,2.8,2.9,2.8,2.7,2.7,2.6,2.7,2.8,2.8,2.8,2.9,3.1,3.2,3.3,3.3,3.2,3.0,2.9,3.1,3.0,3.0,2.8,2.9,2.8,2.9,3.0
Belfast,N09000003,4.4,4.4,4.3,4.2,4.0,4.0,3.9,3.9,4.0,4.0,3.9,3.9,3.9,3.9,4.0,4.2,3.9,4.0,4.1,4.0,4.1,4.1,3.9,4.0,3.9,4.0,4.0,4.0,3.9,4.0,4.4,4.4,4.5,4.5,4.3,4.1,4.0,4.2,4.2,4.2,4.0,4.1,4.1,4.1,4.4,NA
Causeway Coast and Glens,N09000004,3.4,3.4,3.3,3.2,3.0,3.1,3.1,3.1,3.1,3.1,3.1,3.2,3.2,3.2,3.2,3.2,3.0,3.0,3.2,3.2,3.2,3.2,3.1,3.1,3.1,3.1,3.2,3.2,3.1,3.3,3.5,3.6,3.7,3.7,3.5,3.4,3.3,3.5,3.3,3.3,3.1,3.1,3.1,3.1,3.3,NA
Derry City and Strabane,N09000005,5.1,5.1,5.0,4.9,4.8,4.8,4.8,4.9,4.9,4.9,4.7,4.8,4.7,4.8,4.8,5.0,4.8,4.8,5.0,5.0,5.1,5.1,5.0,4.9,4.8,4.9,4.9,4.9,4.8,5.0,5.3,5.5,5.7,5.7,5.4,5.2,5.0,5.2,5.1,5.0,4.7,4.8,4.8,4.8,4.9,NA
Fermanagh and Omagh,N09000006,2.6,2.6,2.5,2.5,2.4,2.4,2.5,2.5,2.4,2.4,2.3,2.4,2.3,2.3,2.4,2.5,2.3,2.3,2.4,2.4,2.5,2.5,2.4,2.3,2.3,2.3,2.4,2.5,2.5,2.7,3.0,3.1,3.1,3.1,3.1,2.9,2.9,3.1,2.9,2.8,2.7,2.6,2.6,2.6,2.7,NA
Lisburn and Castlereagh,N09000007,2.1,2.1,2.1,2.0,2.0,2.0,2.0,2.0,1.9,1.9,1.9,1.8,1.8,1.8,1.8,2.0,1.9,1.9,1.9,1.9,2.0,2.0,1.9,1.9,1.8,1.9,1.9,1.9,1.9,2.0,2.2,2.3,2.3,2.2,2.1,2.0,2.0,2.1,2.0,2.0,1.9,2.0,2.0,2.0,2.1,NA
Mid and East Antrim,N09000008,3.3,3.3,3.3,3.2,3.1,3.0,3.0,3.1,3.1,3.1,3.1,3.0,2.9,3.0,3.0,3.2,2.9,2.9,3.0,3.0,3.1,3.0,2.9,2.9,2.8,2.9,3.0,3.0,2.9,3.0,3.3,3.4,3.5,3.5,3.3,3.2,3.1,3.2,3.1,3.1,3.0,3.0,2.9,3.0,3.1,NA
Mid Ulster,N09000009,2.4,2.3,2.2,2.2,2.2,2.2,2.2,2.3,2.2,2.2,2.1,2.2,2.1,2.1,2.1,2.2,2.1,2.1,2.2,2.3,2.3,2.2,2.1,2.1,2.0,2.2,2.2,2.3,2.4,2.6,2.8,2.9,3.0,3.0,2.8,2.6,2.5,2.6,2.5,2.4,2.4,2.4,2.3,2.4,2.5,NA
Newry, Mourne and Down,N09000010,3.2,3.2,3.0,2.9,2.9,2.8,2.9,2.9,2.9,2.9,2.8,2.9,2.8,2.8,2.9,3.0,2.9,2.9,3.0,3.0,3.1,3.0,2.8,2.7,2.7,2.8,2.8,2.8,2.9,3.0,3.3,3.4,3.5,3.5,3.2,3.1,3.0,3.1,3.0,3.0,2.8,2.8,2.8,2.8,3.1
Ards and North Down,N09000011,3.0,3.0,2.8,2.8,2.7,2.7,2.7,2.7,2.7,2.6,2.7,2.7,2.6,2.7,2.7,2.8,2.7,2.7,2.7,2.7,2.8,2.7,2.7,2.7,2.6,2.7,2.8,2.7,2.7,2.8,3.0,3.1,3.1,3.1,2.9,2.9,2.7,2.8,2.8,2.8,2.7,2.7,2.7,2.7,2.8,NA
Column Total,Column Total,4.2,4.2,4.0,3.8,3.7,3.6,3.6,3.6,3.6,3.5,3.5,3.6,3.5,3.6,3.6,3.7,3.6,3.6,3.6,3.6,3.6,3.6,3.6,3.6,3.6,3.7,3.8,3.7,3.7,3.8,4.1,4.1,4.1,4.1,4.0,4.0,4.0,4.1,4.1,4.0,3.9,4.0,3.9,3.9,4.0,NA
,In May 2024, the Department for Work and Pensions increased the,NA,NA,NA,NA,NA,NA,NA,NA,NA,NA,NA,NA,NA,NA,NA,NA,NA,NA,NA,NA,NA,NA,NA,NA,NA,NA,NA,NA,NA,NA,NA,NA,NA,NA,NA,NA,NA,NA,NA,NA,NA,NA,NA,NA,NA
,administrative,NA,NA,NA,NA,NA,NA,NA,NA,NA,NA,NA,NA,NA,NA,NA,NA,NA,NA,NA,NA,NA,NA,NA,NA,NA,NA,NA,NA,NA,NA,NA,NA,NA,NA,NA,NA,NA,NA,NA,NA,NA,NA,NA,NA,NA,NA
